"level","effective_level","linear_effective_level","geometric_multiplier","scale_key","aliases","tier","roll_min","roll_max","unit"
"1","5","5","1","attr_primary","strength;intelligence;dexterity","T1","1","2","flat"
"1","5","5","1","attr_primary","strength;intelligence;dexterity","T2","2","3","flat"
"1","5","5","1","attr_primary","strength;intelligence;dexterity","T3","3","4","flat"
"1","5","5","1","vitality_primary","vitality","T1","2","2","flat"
"1","5","5","1","vitality_primary","vitality","T2","2","3","flat"
"1","5","5","1","vitality_primary","vitality","T3","3","4","flat"
"1","3","3","1","damage_primary","melee_damage;spell_damage;ranged_damage","T1","2","2","flat"
"1","3","3","1","damage_primary","melee_damage;spell_damage;ranged_damage","T2","3","3","flat"
"1","3","3","1","damage_primary","melee_damage;spell_damage;ranged_damage","T3","4","5","flat"
"1","3","3","1","resistance_primary","armor;spell_shield;missile_resistance","T1","2","2","flat"
"1","3","3","1","resistance_primary","armor;spell_shield;missile_resistance","T2","2","3","flat"
"1","3","3","1","resistance_primary","armor;spell_shield;missile_resistance","T3","3","4","flat"
"1","3","3","1","max_hitpoints_primary","max_hitpoints","T1","4","5","flat"
"1","3","3","1","max_hitpoints_primary","max_hitpoints","T2","6","7","flat"
"1","3","3","1","max_hitpoints_primary","max_hitpoints","T3","8","10","flat"
"1","10","10","1","crit_chance","crit_chance","T1","18","22","basis_points"
"1","10","10","1","crit_chance","crit_chance","T2","24","28","basis_points"
"1","10","10","1","crit_chance","crit_chance","T3","30","35","basis_points"
"1","10","10","1","crit_damage","crit_damage","T1","26","34","basis_points"
"1","10","10","1","crit_damage","crit_damage","T2","37","48","basis_points"
"1","10","10","1","crit_damage","crit_damage","T3","50","62","basis_points"
"1","10","10","1","double_attack_chance","double_attack_chance;extra_attack_chance","T1","12","16","basis_points"
"1","10","10","1","double_attack_chance","double_attack_chance;extra_attack_chance","T2","17","22","basis_points"
"1","10","10","1","double_attack_chance","double_attack_chance;extra_attack_chance","T3","23","30","basis_points"
"1","10","10","1","threat_bps","threat","T1","18","22","basis_points"
"1","10","10","1","threat_bps","threat","T2","24","28","basis_points"
"1","10","10","1","threat_bps","threat","T3","30","35","basis_points"
"2","5.26","5.22","1.0085","attr_primary","strength;intelligence;dexterity","T1","1","2","flat"
"2","5.26","5.22","1.0085","attr_primary","strength;intelligence;dexterity","T2","2","3","flat"
"2","5.26","5.22","1.0085","attr_primary","strength;intelligence;dexterity","T3","3","4","flat"
"2","5.26","5.22","1.0085","vitality_primary","vitality","T1","2","2","flat"
"2","5.26","5.22","1.0085","vitality_primary","vitality","T2","2","3","flat"
"2","5.26","5.22","1.0085","vitality_primary","vitality","T3","3","4","flat"
"2","3.44","3.4","1.011","damage_primary","melee_damage;spell_damage;ranged_damage","T1","2","3","flat"
"2","3.44","3.4","1.011","damage_primary","melee_damage;spell_damage;ranged_damage","T2","3","4","flat"
"2","3.44","3.4","1.011","damage_primary","melee_damage;spell_damage;ranged_damage","T3","4","5","flat"
"2","3.39","3.36","1.01","resistance_primary","armor;spell_shield;missile_resistance","T1","2","3","flat"
"2","3.39","3.36","1.01","resistance_primary","armor;spell_shield;missile_resistance","T2","3","3","flat"
"2","3.39","3.36","1.01","resistance_primary","armor;spell_shield;missile_resistance","T3","4","5","flat"
"2","3.39","3.36","1.01","max_hitpoints_primary","max_hitpoints","T1","4","5","flat"
"2","3.39","3.36","1.01","max_hitpoints_primary","max_hitpoints","T2","6","8","flat"
"2","3.39","3.36","1.01","max_hitpoints_primary","max_hitpoints","T3","9","11","flat"
"2","11.06","11","1.005","crit_chance","crit_chance","T1","20","24","basis_points"
"2","11.06","11","1.005","crit_chance","crit_chance","T2","27","31","basis_points"
"2","11.06","11","1.005","crit_chance","crit_chance","T3","33","39","basis_points"
"2","11.06","11","1.005","crit_damage","crit_damage","T1","29","38","basis_points"
"2","11.06","11","1.005","crit_damage","crit_damage","T2","41","53","basis_points"
"2","11.06","11","1.005","crit_damage","crit_damage","T3","55","69","basis_points"
"2","11.06","11","1.005","double_attack_chance","double_attack_chance;extra_attack_chance","T1","13","18","basis_points"
"2","11.06","11","1.005","double_attack_chance","double_attack_chance;extra_attack_chance","T2","19","24","basis_points"
"2","11.06","11","1.005","double_attack_chance","double_attack_chance;extra_attack_chance","T3","25","33","basis_points"
"2","11.06","11","1.005","threat_bps","threat","T1","20","24","basis_points"
"2","11.06","11","1.005","threat_bps","threat","T2","27","31","basis_points"
"2","11.06","11","1.005","threat_bps","threat","T3","33","39","basis_points"
"3","5.53","5.44","1.017072","attr_primary","strength;intelligence;dexterity","T1","1","2","flat"
"3","5.53","5.44","1.017072","attr_primary","strength;intelligence;dexterity","T2","2","3","flat"
"3","5.53","5.44","1.017072","attr_primary","strength;intelligence;dexterity","T3","3","4","flat"
"3","5.53","5.44","1.017072","vitality_primary","vitality","T1","2","2","flat"
"3","5.53","5.44","1.017072","vitality_primary","vitality","T2","2","3","flat"
"3","5.53","5.44","1.017072","vitality_primary","vitality","T3","4","5","flat"
"3","3.88","3.8","1.022121","damage_primary","melee_damage;spell_damage;ranged_damage","T1","2","3","flat"
"3","3.88","3.8","1.022121","damage_primary","melee_damage;spell_damage;ranged_damage","T2","3","4","flat"
"3","3.88","3.8","1.022121","damage_primary","melee_damage;spell_damage;ranged_damage","T3","5","6","flat"
"3","3.79","3.72","1.0201","resistance_primary","armor;spell_shield;missile_resistance","T1","2","3","flat"
"3","3.79","3.72","1.0201","resistance_primary","armor;spell_shield;missile_resistance","T2","3","4","flat"
"3","3.79","3.72","1.0201","resistance_primary","armor;spell_shield;missile_resistance","T3","4","5","flat"
"3","3.79","3.72","1.0201","max_hitpoints_primary","max_hitpoints","T1","5","6","flat"
"3","3.79","3.72","1.0201","max_hitpoints_primary","max_hitpoints","T2","7","9","flat"
"3","3.79","3.72","1.0201","max_hitpoints_primary","max_hitpoints","T3","10","12","flat"
"3","12.12","12","1.010025","crit_chance","crit_chance","T1","22","27","basis_points"
"3","12.12","12","1.010025","crit_chance","crit_chance","T2","29","34","basis_points"
"3","12.12","12","1.010025","crit_chance","crit_chance","T3","36","42","basis_points"
"3","12.12","12","1.010025","crit_damage","crit_damage","T1","32","41","basis_points"
"3","12.12","12","1.010025","crit_damage","crit_damage","T2","45","58","basis_points"
"3","12.12","12","1.010025","crit_damage","crit_damage","T3","61","75","basis_points"
"3","12.12","12","1.010025","double_attack_chance","double_attack_chance;extra_attack_chance","T1","15","19","basis_points"
"3","12.12","12","1.010025","double_attack_chance","double_attack_chance;extra_attack_chance","T2","21","27","basis_points"
"3","12.12","12","1.010025","double_attack_chance","double_attack_chance;extra_attack_chance","T3","28","36","basis_points"
"3","12.12","12","1.010025","threat_bps","threat","T1","22","27","basis_points"
"3","12.12","12","1.010025","threat_bps","threat","T2","29","34","basis_points"
"3","12.12","12","1.010025","threat_bps","threat","T3","36","42","basis_points"
"4","5.81","5.66","1.025717","attr_primary","strength;intelligence;dexterity","T1","1","2","flat"
"4","5.81","5.66","1.025717","attr_primary","strength;intelligence;dexterity","T2","2","3","flat"
"4","5.81","5.66","1.025717","attr_primary","strength;intelligence;dexterity","T3","3","4","flat"
"4","5.81","5.66","1.025717","vitality_primary","vitality","T1","2","2","flat"
"4","5.81","5.66","1.025717","vitality_primary","vitality","T2","3","3","flat"
"4","5.81","5.66","1.025717","vitality_primary","vitality","T3","4","5","flat"
"4","4.34","4.2","1.033364","damage_primary","melee_damage;spell_damage;ranged_damage","T1","3","3","flat"
"4","4.34","4.2","1.033364","damage_primary","melee_damage;spell_damage;ranged_damage","T2","4","5","flat"
"4","4.34","4.2","1.033364","damage_primary","melee_damage;spell_damage;ranged_damage","T3","5","7","flat"
"4","4.2","4.08","1.030301","resistance_primary","armor;spell_shield;missile_resistance","T1","2","3","flat"
"4","4.2","4.08","1.030301","resistance_primary","armor;spell_shield;missile_resistance","T2","3","4","flat"
"4","4.2","4.08","1.030301","resistance_primary","armor;spell_shield;missile_resistance","T3","5","6","flat"
"4","4.2","4.08","1.030301","max_hitpoints_primary","max_hitpoints","T1","5","7","flat"
"4","4.2","4.08","1.030301","max_hitpoints_primary","max_hitpoints","T2","8","10","flat"
"4","4.2","4.08","1.030301","max_hitpoints_primary","max_hitpoints","T3","11","13","flat"
"4","13.2","13","1.015075","crit_chance","crit_chance","T1","24","29","basis_points"
"4","13.2","13","1.015075","crit_chance","crit_chance","T2","32","37","basis_points"
"4","13.2","13","1.015075","crit_chance","crit_chance","T3","40","46","basis_points"
"4","13.2","13","1.015075","crit_damage","crit_damage","T1","34","45","basis_points"
"4","13.2","13","1.015075","crit_damage","crit_damage","T2","49","63","basis_points"
"4","13.2","13","1.015075","crit_damage","crit_damage","T3","66","82","basis_points"
"4","13.2","13","1.015075","double_attack_chance","double_attack_chance;extra_attack_chance","T1","16","21","basis_points"
"4","13.2","13","1.015075","double_attack_chance","double_attack_chance;extra_attack_chance","T2","22","29","basis_points"
"4","13.2","13","1.015075","double_attack_chance","double_attack_chance;extra_attack_chance","T3","30","40","basis_points"
"4","13.2","13","1.015075","threat_bps","threat","T1","24","29","basis_points"
"4","13.2","13","1.015075","threat_bps","threat","T2","32","37","basis_points"
"4","13.2","13","1.015075","threat_bps","threat","T3","40","46","basis_points"
"5","6.08","5.88","1.034436","attr_primary","strength;intelligence;dexterity","T1","2","2","flat"
"5","6.08","5.88","1.034436","attr_primary","strength;intelligence;dexterity","T2","2","3","flat"
"5","6.08","5.88","1.034436","attr_primary","strength;intelligence;dexterity","T3","3","4","flat"
"5","6.08","5.88","1.034436","vitality_primary","vitality","T1","2","2","flat"
"5","6.08","5.88","1.034436","vitality_primary","vitality","T2","3","4","flat"
"5","6.08","5.88","1.034436","vitality_primary","vitality","T3","4","5","flat"
"5","4.81","4.6","1.044731","damage_primary","melee_damage;spell_damage;ranged_damage","T1","3","4","flat"
"5","4.81","4.6","1.044731","damage_primary","melee_damage;spell_damage;ranged_damage","T2","4","6","flat"
"5","4.81","4.6","1.044731","damage_primary","melee_damage;spell_damage;ranged_damage","T3","6","7","flat"
"5","4.62","4.44","1.040604","resistance_primary","armor;spell_shield;missile_resistance","T1","3","3","flat"
"5","4.62","4.44","1.040604","resistance_primary","armor;spell_shield;missile_resistance","T2","4","5","flat"
"5","4.62","4.44","1.040604","resistance_primary","armor;spell_shield;missile_resistance","T3","5","6","flat"
"5","4.62","4.44","1.040604","max_hitpoints_primary","max_hitpoints","T1","6","7","flat"
"5","4.62","4.44","1.040604","max_hitpoints_primary","max_hitpoints","T2","9","11","flat"
"5","4.62","4.44","1.040604","max_hitpoints_primary","max_hitpoints","T3","12","15","flat"
"5","14.28","14","1.020151","crit_chance","crit_chance","T1","26","31","basis_points"
"5","14.28","14","1.020151","crit_chance","crit_chance","T2","34","40","basis_points"
"5","14.28","14","1.020151","crit_chance","crit_chance","T3","43","50","basis_points"
"5","14.28","14","1.020151","crit_damage","crit_damage","T1","37","49","basis_points"
"5","14.28","14","1.020151","crit_damage","crit_damage","T2","53","69","basis_points"
"5","14.28","14","1.020151","crit_damage","crit_damage","T3","71","89","basis_points"
"5","14.28","14","1.020151","double_attack_chance","double_attack_chance;extra_attack_chance","T1","17","23","basis_points"
"5","14.28","14","1.020151","double_attack_chance","double_attack_chance;extra_attack_chance","T2","24","31","basis_points"
"5","14.28","14","1.020151","double_attack_chance","double_attack_chance;extra_attack_chance","T3","33","43","basis_points"
"5","14.28","14","1.020151","threat_bps","threat","T1","26","31","basis_points"
"5","14.28","14","1.020151","threat_bps","threat","T2","34","40","basis_points"
"5","14.28","14","1.020151","threat_bps","threat","T3","43","50","basis_points"
"6","6.36","6.1","1.043229","attr_primary","strength;intelligence;dexterity","T1","2","2","flat"
"6","6.36","6.1","1.043229","attr_primary","strength;intelligence;dexterity","T2","2","3","flat"
"6","6.36","6.1","1.043229","attr_primary","strength;intelligence;dexterity","T3","4","5","flat"
"6","6.36","6.1","1.043229","vitality_primary","vitality","T1","2","3","flat"
"6","6.36","6.1","1.043229","vitality_primary","vitality","T2","3","4","flat"
"6","6.36","6.1","1.043229","vitality_primary","vitality","T3","4","5","flat"
"6","5.28","5","1.056223","damage_primary","melee_damage;spell_damage;ranged_damage","T1","3","4","flat"
"6","5.28","5","1.056223","damage_primary","melee_damage;spell_damage;ranged_damage","T2","5","6","flat"
"6","5.28","5","1.056223","damage_primary","melee_damage;spell_damage;ranged_damage","T3","6","8","flat"
"6","5.04","4.8","1.05101","resistance_primary","armor;spell_shield;missile_resistance","T1","3","4","flat"
"6","5.04","4.8","1.05101","resistance_primary","armor;spell_shield;missile_resistance","T2","4","5","flat"
"6","5.04","4.8","1.05101","resistance_primary","armor;spell_shield;missile_resistance","T3","6","7","flat"
"6","5.04","4.8","1.05101","max_hitpoints_primary","max_hitpoints","T1","6","8","flat"
"6","5.04","4.8","1.05101","max_hitpoints_primary","max_hitpoints","T2","10","12","flat"
"6","5.04","4.8","1.05101","max_hitpoints_primary","max_hitpoints","T3","13","16","flat"
"6","15.38","15","1.025251","crit_chance","crit_chance","T1","28","34","basis_points"
"6","15.38","15","1.025251","crit_chance","crit_chance","T2","37","43","basis_points"
"6","15.38","15","1.025251","crit_chance","crit_chance","T3","46","54","basis_points"
"6","15.38","15","1.025251","crit_damage","crit_damage","T1","40","52","basis_points"
"6","15.38","15","1.025251","crit_damage","crit_damage","T2","57","74","basis_points"
"6","15.38","15","1.025251","crit_damage","crit_damage","T3","77","95","basis_points"
"6","15.38","15","1.025251","double_attack_chance","double_attack_chance;extra_attack_chance","T1","18","25","basis_points"
"6","15.38","15","1.025251","double_attack_chance","double_attack_chance;extra_attack_chance","T2","26","34","basis_points"
"6","15.38","15","1.025251","double_attack_chance","double_attack_chance;extra_attack_chance","T3","35","46","basis_points"
"6","15.38","15","1.025251","threat_bps","threat","T1","28","34","basis_points"
"6","15.38","15","1.025251","threat_bps","threat","T2","37","43","basis_points"
"6","15.38","15","1.025251","threat_bps","threat","T3","46","54","basis_points"
"7","6.65","6.32","1.052096","attr_primary","strength;intelligence;dexterity","T1","2","2","flat"
"7","6.65","6.32","1.052096","attr_primary","strength;intelligence;dexterity","T2","3","3","flat"
"7","6.65","6.32","1.052096","attr_primary","strength;intelligence;dexterity","T3","4","5","flat"
"7","6.65","6.32","1.052096","vitality_primary","vitality","T1","2","3","flat"
"7","6.65","6.32","1.052096","vitality_primary","vitality","T2","3","4","flat"
"7","6.65","6.32","1.052096","vitality_primary","vitality","T3","4","5","flat"
"7","5.77","5.4","1.067842","damage_primary","melee_damage;spell_damage;ranged_damage","T1","3","5","flat"
"7","5.77","5.4","1.067842","damage_primary","melee_damage;spell_damage;ranged_damage","T2","5","7","flat"
"7","5.77","5.4","1.067842","damage_primary","melee_damage;spell_damage;ranged_damage","T3","7","9","flat"
"7","5.48","5.16","1.06152","resistance_primary","armor;spell_shield;missile_resistance","T1","3","4","flat"
"7","5.48","5.16","1.06152","resistance_primary","armor;spell_shield;missile_resistance","T2","4","5","flat"
"7","5.48","5.16","1.06152","resistance_primary","armor;spell_shield;missile_resistance","T3","6","7","flat"
"7","5.48","5.16","1.06152","max_hitpoints_primary","max_hitpoints","T1","7","9","flat"
"7","5.48","5.16","1.06152","max_hitpoints_primary","max_hitpoints","T2","10","13","flat"
"7","5.48","5.16","1.06152","max_hitpoints_primary","max_hitpoints","T3","14","18","flat"
"7","16.49","16","1.030378","crit_chance","crit_chance","T1","30","36","basis_points"
"7","16.49","16","1.030378","crit_chance","crit_chance","T2","40","46","basis_points"
"7","16.49","16","1.030378","crit_chance","crit_chance","T3","49","58","basis_points"
"7","16.49","16","1.030378","crit_damage","crit_damage","T1","43","56","basis_points"
"7","16.49","16","1.030378","crit_damage","crit_damage","T2","61","79","basis_points"
"7","16.49","16","1.030378","crit_damage","crit_damage","T3","82","102","basis_points"
"7","16.49","16","1.030378","double_attack_chance","double_attack_chance;extra_attack_chance","T1","20","26","basis_points"
"7","16.49","16","1.030378","double_attack_chance","double_attack_chance;extra_attack_chance","T2","28","36","basis_points"
"7","16.49","16","1.030378","double_attack_chance","double_attack_chance;extra_attack_chance","T3","38","49","basis_points"
"7","16.49","16","1.030378","threat_bps","threat","T1","30","36","basis_points"
"7","16.49","16","1.030378","threat_bps","threat","T2","40","46","basis_points"
"7","16.49","16","1.030378","threat_bps","threat","T3","49","58","basis_points"
"8","6.94","6.54","1.061039","attr_primary","strength;intelligence;dexterity","T1","2","2","flat"
"8","6.94","6.54","1.061039","attr_primary","strength;intelligence;dexterity","T2","3","3","flat"
"8","6.94","6.54","1.061039","attr_primary","strength;intelligence;dexterity","T3","4","5","flat"
"8","6.94","6.54","1.061039","vitality_primary","vitality","T1","2","3","flat"
"8","6.94","6.54","1.061039","vitality_primary","vitality","T2","3","4","flat"
"8","6.94","6.54","1.061039","vitality_primary","vitality","T3","5","6","flat"
"8","6.26","5.8","1.079588","damage_primary","melee_damage;spell_damage;ranged_damage","T1","4","5","flat"
"8","6.26","5.8","1.079588","damage_primary","melee_damage;spell_damage;ranged_damage","T2","6","7","flat"
"8","6.26","5.8","1.079588","damage_primary","melee_damage;spell_damage;ranged_damage","T3","8","9","flat"
"8","5.92","5.52","1.072135","resistance_primary","armor;spell_shield;missile_resistance","T1","3","4","flat"
"8","5.92","5.52","1.072135","resistance_primary","armor;spell_shield;missile_resistance","T2","5","6","flat"
"8","5.92","5.52","1.072135","resistance_primary","armor;spell_shield;missile_resistance","T3","7","8","flat"
"8","5.92","5.52","1.072135","max_hitpoints_primary","max_hitpoints","T1","7","9","flat"
"8","5.92","5.52","1.072135","max_hitpoints_primary","max_hitpoints","T2","11","14","flat"
"8","5.92","5.52","1.072135","max_hitpoints_primary","max_hitpoints","T3","15","19","flat"
"8","17.6","17","1.035529","crit_chance","crit_chance","T1","32","39","basis_points"
"8","17.6","17","1.035529","crit_chance","crit_chance","T2","42","49","basis_points"
"8","17.6","17","1.035529","crit_chance","crit_chance","T3","53","62","basis_points"
"8","17.6","17","1.035529","crit_damage","crit_damage","T1","46","60","basis_points"
"8","17.6","17","1.035529","crit_damage","crit_damage","T2","65","84","basis_points"
"8","17.6","17","1.035529","crit_damage","crit_damage","T3","88","109","basis_points"
"8","17.6","17","1.035529","double_attack_chance","double_attack_chance;extra_attack_chance","T1","21","28","basis_points"
"8","17.6","17","1.035529","double_attack_chance","double_attack_chance;extra_attack_chance","T2","30","39","basis_points"
"8","17.6","17","1.035529","double_attack_chance","double_attack_chance;extra_attack_chance","T3","40","53","basis_points"
"8","17.6","17","1.035529","threat_bps","threat","T1","32","39","basis_points"
"8","17.6","17","1.035529","threat_bps","threat","T2","42","49","basis_points"
"8","17.6","17","1.035529","threat_bps","threat","T3","53","62","basis_points"
"9","7.23","6.76","1.070058","attr_primary","strength;intelligence;dexterity","T1","2","3","flat"
"9","7.23","6.76","1.070058","attr_primary","strength;intelligence;dexterity","T2","3","4","flat"
"9","7.23","6.76","1.070058","attr_primary","strength;intelligence;dexterity","T3","4","5","flat"
"9","7.23","6.76","1.070058","vitality_primary","vitality","T1","2","3","flat"
"9","7.23","6.76","1.070058","vitality_primary","vitality","T2","3","4","flat"
"9","7.23","6.76","1.070058","vitality_primary","vitality","T3","5","6","flat"
"9","6.77","6.2","1.091464","damage_primary","melee_damage;spell_damage;ranged_damage","T1","4","5","flat"
"9","6.77","6.2","1.091464","damage_primary","melee_damage;spell_damage;ranged_damage","T2","6","8","flat"
"9","6.77","6.2","1.091464","damage_primary","melee_damage;spell_damage;ranged_damage","T3","8","10","flat"
"9","6.37","5.88","1.082857","resistance_primary","armor;spell_shield;missile_resistance","T1","4","5","flat"
"9","6.37","5.88","1.082857","resistance_primary","armor;spell_shield;missile_resistance","T2","5","6","flat"
"9","6.37","5.88","1.082857","resistance_primary","armor;spell_shield;missile_resistance","T3","7","9","flat"
"9","6.37","5.88","1.082857","max_hitpoints_primary","max_hitpoints","T1","8","10","flat"
"9","6.37","5.88","1.082857","max_hitpoints_primary","max_hitpoints","T2","12","15","flat"
"9","6.37","5.88","1.082857","max_hitpoints_primary","max_hitpoints","T3","17","20","flat"
"9","18.73","18","1.040707","crit_chance","crit_chance","T1","34","41","basis_points"
"9","18.73","18","1.040707","crit_chance","crit_chance","T2","45","52","basis_points"
"9","18.73","18","1.040707","crit_chance","crit_chance","T3","56","66","basis_points"
"9","18.73","18","1.040707","crit_damage","crit_damage","T1","49","64","basis_points"
"9","18.73","18","1.040707","crit_damage","crit_damage","T2","69","90","basis_points"
"9","18.73","18","1.040707","crit_damage","crit_damage","T3","94","116","basis_points"
"9","18.73","18","1.040707","double_attack_chance","double_attack_chance;extra_attack_chance","T1","22","30","basis_points"
"9","18.73","18","1.040707","double_attack_chance","double_attack_chance;extra_attack_chance","T2","32","41","basis_points"
"9","18.73","18","1.040707","double_attack_chance","double_attack_chance;extra_attack_chance","T3","43","56","basis_points"
"9","18.73","18","1.040707","threat_bps","threat","T1","34","41","basis_points"
"9","18.73","18","1.040707","threat_bps","threat","T2","45","52","basis_points"
"9","18.73","18","1.040707","threat_bps","threat","T3","56","66","basis_points"
"10","7.53","6.98","1.079153","attr_primary","strength;intelligence;dexterity","T1","2","3","flat"
"10","7.53","6.98","1.079153","attr_primary","strength;intelligence;dexterity","T2","3","4","flat"
"10","7.53","6.98","1.079153","attr_primary","strength;intelligence;dexterity","T3","4","5","flat"
"10","7.53","6.98","1.079153","vitality_primary","vitality","T1","2","3","flat"
"10","7.53","6.98","1.079153","vitality_primary","vitality","T2","3","4","flat"
"10","7.53","6.98","1.079153","vitality_primary","vitality","T3","5","6","flat"
"10","7.28","6.6","1.10347","damage_primary","melee_damage;spell_damage;ranged_damage","T1","4","6","flat"
"10","7.28","6.6","1.10347","damage_primary","melee_damage;spell_damage;ranged_damage","T2","7","8","flat"
"10","7.28","6.6","1.10347","damage_primary","melee_damage;spell_damage;ranged_damage","T3","9","11","flat"
"10","6.82","6.24","1.093685","resistance_primary","armor;spell_shield;missile_resistance","T1","4","5","flat"
"10","6.82","6.24","1.093685","resistance_primary","armor;spell_shield;missile_resistance","T2","5","7","flat"
"10","6.82","6.24","1.093685","resistance_primary","armor;spell_shield;missile_resistance","T3","8","9","flat"
"10","6.82","6.24","1.093685","max_hitpoints_primary","max_hitpoints","T1","8","11","flat"
"10","6.82","6.24","1.093685","max_hitpoints_primary","max_hitpoints","T2","13","16","flat"
"10","6.82","6.24","1.093685","max_hitpoints_primary","max_hitpoints","T3","18","22","flat"
"10","19.87","19","1.045911","crit_chance","crit_chance","T1","36","44","basis_points"
"10","19.87","19","1.045911","crit_chance","crit_chance","T2","48","56","basis_points"
"10","19.87","19","1.045911","crit_chance","crit_chance","T3","60","70","basis_points"
"10","19.87","19","1.045911","crit_damage","crit_damage","T1","52","68","basis_points"
"10","19.87","19","1.045911","crit_damage","crit_damage","T2","74","95","basis_points"
"10","19.87","19","1.045911","crit_damage","crit_damage","T3","99","123","basis_points"
"10","19.87","19","1.045911","double_attack_chance","double_attack_chance;extra_attack_chance","T1","24","32","basis_points"
"10","19.87","19","1.045911","double_attack_chance","double_attack_chance;extra_attack_chance","T2","34","44","basis_points"
"10","19.87","19","1.045911","double_attack_chance","double_attack_chance;extra_attack_chance","T3","46","60","basis_points"
"10","19.87","19","1.045911","threat_bps","threat","T1","36","44","basis_points"
"10","19.87","19","1.045911","threat_bps","threat","T2","48","56","basis_points"
"10","19.87","19","1.045911","threat_bps","threat","T3","60","70","basis_points"
"11","7.84","7.2","1.088326","attr_primary","strength;intelligence;dexterity","T1","2","3","flat"
"11","7.84","7.2","1.088326","attr_primary","strength;intelligence;dexterity","T2","3","4","flat"
"11","7.84","7.2","1.088326","attr_primary","strength;intelligence;dexterity","T3","4","6","flat"
"11","7.84","7.2","1.088326","vitality_primary","vitality","T1","2","3","flat"
"11","7.84","7.2","1.088326","vitality_primary","vitality","T2","4","5","flat"
"11","7.84","7.2","1.088326","vitality_primary","vitality","T3","5","6","flat"
"11","7.81","7","1.115608","damage_primary","melee_damage;spell_damage;ranged_damage","T1","5","6","flat"
"11","7.81","7","1.115608","damage_primary","melee_damage;spell_damage;ranged_damage","T2","7","9","flat"
"11","7.81","7","1.115608","damage_primary","melee_damage;spell_damage;ranged_damage","T3","9","12","flat"
"11","7.29","6.6","1.104622","resistance_primary","armor;spell_shield;missile_resistance","T1","4","5","flat"
"11","7.29","6.6","1.104622","resistance_primary","armor;spell_shield;missile_resistance","T2","6","7","flat"
"11","7.29","6.6","1.104622","resistance_primary","armor;spell_shield;missile_resistance","T3","8","10","flat"
"11","7.29","6.6","1.104622","max_hitpoints_primary","max_hitpoints","T1","9","12","flat"
"11","7.29","6.6","1.104622","max_hitpoints_primary","max_hitpoints","T2","14","17","flat"
"11","7.29","6.6","1.104622","max_hitpoints_primary","max_hitpoints","T3","19","23","flat"
"11","21.02","20","1.05114","crit_chance","crit_chance","T1","38","46","basis_points"
"11","21.02","20","1.05114","crit_chance","crit_chance","T2","50","59","basis_points"
"11","21.02","20","1.05114","crit_chance","crit_chance","T3","63","74","basis_points"
"11","21.02","20","1.05114","crit_damage","crit_damage","T1","55","71","basis_points"
"11","21.02","20","1.05114","crit_damage","crit_damage","T2","78","101","basis_points"
"11","21.02","20","1.05114","crit_damage","crit_damage","T3","105","130","basis_points"
"11","21.02","20","1.05114","double_attack_chance","double_attack_chance;extra_attack_chance","T1","25","34","basis_points"
"11","21.02","20","1.05114","double_attack_chance","double_attack_chance;extra_attack_chance","T2","36","46","basis_points"
"11","21.02","20","1.05114","double_attack_chance","double_attack_chance;extra_attack_chance","T3","48","63","basis_points"
"11","21.02","20","1.05114","threat_bps","threat","T1","38","46","basis_points"
"11","21.02","20","1.05114","threat_bps","threat","T2","50","59","basis_points"
"11","21.02","20","1.05114","threat_bps","threat","T3","63","74","basis_points"
"12","8.14","7.42","1.097577","attr_primary","strength;intelligence;dexterity","T1","2","3","flat"
"12","8.14","7.42","1.097577","attr_primary","strength;intelligence;dexterity","T2","3","4","flat"
"12","8.14","7.42","1.097577","attr_primary","strength;intelligence;dexterity","T3","4","6","flat"
"12","8.14","7.42","1.097577","vitality_primary","vitality","T1","2","3","flat"
"12","8.14","7.42","1.097577","vitality_primary","vitality","T2","4","5","flat"
"12","8.14","7.42","1.097577","vitality_primary","vitality","T3","5","7","flat"
"12","8.35","7.4","1.12788","damage_primary","melee_damage;spell_damage;ranged_damage","T1","5","7","flat"
"12","8.35","7.4","1.12788","damage_primary","melee_damage;spell_damage;ranged_damage","T2","8","10","flat"
"12","8.35","7.4","1.12788","damage_primary","melee_damage;spell_damage;ranged_damage","T3","10","13","flat"
"12","7.77","6.96","1.115668","resistance_primary","armor;spell_shield;missile_resistance","T1","4","6","flat"
"12","7.77","6.96","1.115668","resistance_primary","armor;spell_shield;missile_resistance","T2","6","8","flat"
"12","7.77","6.96","1.115668","resistance_primary","armor;spell_shield;missile_resistance","T3","9","10","flat"
"12","7.77","6.96","1.115668","max_hitpoints_primary","max_hitpoints","T1","9","12","flat"
"12","7.77","6.96","1.115668","max_hitpoints_primary","max_hitpoints","T2","15","19","flat"
"12","7.77","6.96","1.115668","max_hitpoints_primary","max_hitpoints","T3","20","25","flat"
"12","22.18","21","1.056396","crit_chance","crit_chance","T1","40","49","basis_points"
"12","22.18","21","1.056396","crit_chance","crit_chance","T2","53","62","basis_points"
"12","22.18","21","1.056396","crit_chance","crit_chance","T3","67","78","basis_points"
"12","22.18","21","1.056396","crit_damage","crit_damage","T1","58","75","basis_points"
"12","22.18","21","1.056396","crit_damage","crit_damage","T2","82","106","basis_points"
"12","22.18","21","1.056396","crit_damage","crit_damage","T3","111","138","basis_points"
"12","22.18","21","1.056396","double_attack_chance","double_attack_chance;extra_attack_chance","T1","27","35","basis_points"
"12","22.18","21","1.056396","double_attack_chance","double_attack_chance;extra_attack_chance","T2","38","49","basis_points"
"12","22.18","21","1.056396","double_attack_chance","double_attack_chance;extra_attack_chance","T3","51","67","basis_points"
"12","22.18","21","1.056396","threat_bps","threat","T1","40","49","basis_points"
"12","22.18","21","1.056396","threat_bps","threat","T2","53","62","basis_points"
"12","22.18","21","1.056396","threat_bps","threat","T3","67","78","basis_points"
"13","8.46","7.64","1.106906","attr_primary","strength;intelligence;dexterity","T1","2","3","flat"
"13","8.46","7.64","1.106906","attr_primary","strength;intelligence;dexterity","T2","3","4","flat"
"13","8.46","7.64","1.106906","attr_primary","strength;intelligence;dexterity","T3","5","6","flat"
"13","8.46","7.64","1.106906","vitality_primary","vitality","T1","3","3","flat"
"13","8.46","7.64","1.106906","vitality_primary","vitality","T2","4","5","flat"
"13","8.46","7.64","1.106906","vitality_primary","vitality","T3","5","7","flat"
"13","8.89","7.8","1.140286","damage_primary","melee_damage;spell_damage;ranged_damage","T1","5","7","flat"
"13","8.89","7.8","1.140286","damage_primary","melee_damage;spell_damage;ranged_damage","T2","8","10","flat"
"13","8.89","7.8","1.140286","damage_primary","melee_damage;spell_damage;ranged_damage","T3","11","13","flat"
"13","8.25","7.32","1.126825","resistance_primary","armor;spell_shield;missile_resistance","T1","5","6","flat"
"13","8.25","7.32","1.126825","resistance_primary","armor;spell_shield;missile_resistance","T2","7","8","flat"
"13","8.25","7.32","1.126825","resistance_primary","armor;spell_shield;missile_resistance","T3","9","11","flat"
"13","8.25","7.32","1.126825","max_hitpoints_primary","max_hitpoints","T1","10","13","flat"
"13","8.25","7.32","1.126825","max_hitpoints_primary","max_hitpoints","T2","16","20","flat"
"13","8.25","7.32","1.126825","max_hitpoints_primary","max_hitpoints","T3","21","26","flat"
"13","23.36","22","1.061678","crit_chance","crit_chance","T1","42","51","basis_points"
"13","23.36","22","1.061678","crit_chance","crit_chance","T2","56","65","basis_points"
"13","23.36","22","1.061678","crit_chance","crit_chance","T3","70","82","basis_points"
"13","23.36","22","1.061678","crit_damage","crit_damage","T1","61","79","basis_points"
"13","23.36","22","1.061678","crit_damage","crit_damage","T2","86","112","basis_points"
"13","23.36","22","1.061678","crit_damage","crit_damage","T3","117","145","basis_points"
"13","23.36","22","1.061678","double_attack_chance","double_attack_chance;extra_attack_chance","T1","28","37","basis_points"
"13","23.36","22","1.061678","double_attack_chance","double_attack_chance;extra_attack_chance","T2","40","51","basis_points"
"13","23.36","22","1.061678","double_attack_chance","double_attack_chance;extra_attack_chance","T3","54","70","basis_points"
"13","23.36","22","1.061678","threat_bps","threat","T1","42","51","basis_points"
"13","23.36","22","1.061678","threat_bps","threat","T2","56","65","basis_points"
"13","23.36","22","1.061678","threat_bps","threat","T3","70","82","basis_points"
"14","8.77","7.86","1.116315","attr_primary","strength;intelligence;dexterity","T1","2","3","flat"
"14","8.77","7.86","1.116315","attr_primary","strength;intelligence;dexterity","T2","3","4","flat"
"14","8.77","7.86","1.116315","attr_primary","strength;intelligence;dexterity","T3","5","6","flat"
"14","8.77","7.86","1.116315","vitality_primary","vitality","T1","3","4","flat"
"14","8.77","7.86","1.116315","vitality_primary","vitality","T2","4","5","flat"
"14","8.77","7.86","1.116315","vitality_primary","vitality","T3","6","7","flat"
"14","9.45","8.2","1.152829","damage_primary","melee_damage;spell_damage;ranged_damage","T1","6","8","flat"
"14","9.45","8.2","1.152829","damage_primary","melee_damage;spell_damage;ranged_damage","T2","9","11","flat"
"14","9.45","8.2","1.152829","damage_primary","melee_damage;spell_damage;ranged_damage","T3","11","14","flat"
"14","8.74","7.68","1.138093","resistance_primary","armor;spell_shield;missile_resistance","T1","5","7","flat"
"14","8.74","7.68","1.138093","resistance_primary","armor;spell_shield;missile_resistance","T2","7","9","flat"
"14","8.74","7.68","1.138093","resistance_primary","armor;spell_shield;missile_resistance","T3","10","12","flat"
"14","8.74","7.68","1.138093","max_hitpoints_primary","max_hitpoints","T1","10","14","flat"
"14","8.74","7.68","1.138093","max_hitpoints_primary","max_hitpoints","T2","17","21","flat"
"14","8.74","7.68","1.138093","max_hitpoints_primary","max_hitpoints","T3","23","28","flat"
"14","24.54","23","1.066986","crit_chance","crit_chance","T1","44","54","basis_points"
"14","24.54","23","1.066986","crit_chance","crit_chance","T2","59","69","basis_points"
"14","24.54","23","1.066986","crit_chance","crit_chance","T3","74","86","basis_points"
"14","24.54","23","1.066986","crit_damage","crit_damage","T1","64","83","basis_points"
"14","24.54","23","1.066986","crit_damage","crit_damage","T2","91","118","basis_points"
"14","24.54","23","1.066986","crit_damage","crit_damage","T3","123","152","basis_points"
"14","24.54","23","1.066986","double_attack_chance","double_attack_chance;extra_attack_chance","T1","29","39","basis_points"
"14","24.54","23","1.066986","double_attack_chance","double_attack_chance;extra_attack_chance","T2","42","54","basis_points"
"14","24.54","23","1.066986","double_attack_chance","double_attack_chance;extra_attack_chance","T3","56","74","basis_points"
"14","24.54","23","1.066986","threat_bps","threat","T1","44","54","basis_points"
"14","24.54","23","1.066986","threat_bps","threat","T2","59","69","basis_points"
"14","24.54","23","1.066986","threat_bps","threat","T3","74","86","basis_points"
"15","9.1","8.08","1.125804","attr_primary","strength;intelligence;dexterity","T1","2","3","flat"
"15","9.1","8.08","1.125804","attr_primary","strength;intelligence;dexterity","T2","3","5","flat"
"15","9.1","8.08","1.125804","attr_primary","strength;intelligence;dexterity","T3","5","7","flat"
"15","9.1","8.08","1.125804","vitality_primary","vitality","T1","3","4","flat"
"15","9.1","8.08","1.125804","vitality_primary","vitality","T2","4","5","flat"
"15","9.1","8.08","1.125804","vitality_primary","vitality","T3","6","7","flat"
"15","10.02","8.6","1.16551","damage_primary","melee_damage;spell_damage;ranged_damage","T1","6","8","flat"
"15","10.02","8.6","1.16551","damage_primary","melee_damage;spell_damage;ranged_damage","T2","9","12","flat"
"15","10.02","8.6","1.16551","damage_primary","melee_damage;spell_damage;ranged_damage","T3","12","15","flat"
"15","9.24","8.04","1.149474","resistance_primary","armor;spell_shield;missile_resistance","T1","5","7","flat"
"15","9.24","8.04","1.149474","resistance_primary","armor;spell_shield;missile_resistance","T2","7","9","flat"
"15","9.24","8.04","1.149474","resistance_primary","armor;spell_shield;missile_resistance","T3","10","12","flat"
"15","9.24","8.04","1.149474","max_hitpoints_primary","max_hitpoints","T1","11","15","flat"
"15","9.24","8.04","1.149474","max_hitpoints_primary","max_hitpoints","T2","18","22","flat"
"15","9.24","8.04","1.149474","max_hitpoints_primary","max_hitpoints","T3","24","30","flat"
"15","25.74","24","1.072321","crit_chance","crit_chance","T1","46","57","basis_points"
"15","25.74","24","1.072321","crit_chance","crit_chance","T2","62","72","basis_points"
"15","25.74","24","1.072321","crit_chance","crit_chance","T3","77","90","basis_points"
"15","25.74","24","1.072321","crit_damage","crit_damage","T1","67","88","basis_points"
"15","25.74","24","1.072321","crit_damage","crit_damage","T2","95","124","basis_points"
"15","25.74","24","1.072321","crit_damage","crit_damage","T3","129","160","basis_points"
"15","25.74","24","1.072321","double_attack_chance","double_attack_chance;extra_attack_chance","T1","31","41","basis_points"
"15","25.74","24","1.072321","double_attack_chance","double_attack_chance;extra_attack_chance","T2","44","57","basis_points"
"15","25.74","24","1.072321","double_attack_chance","double_attack_chance;extra_attack_chance","T3","59","77","basis_points"
"15","25.74","24","1.072321","threat_bps","threat","T1","46","57","basis_points"
"15","25.74","24","1.072321","threat_bps","threat","T2","62","72","basis_points"
"15","25.74","24","1.072321","threat_bps","threat","T3","77","90","basis_points"
"16","9.42","8.3","1.135373","attr_primary","strength;intelligence;dexterity","T1","2","3","flat"
"16","9.42","8.3","1.135373","attr_primary","strength;intelligence;dexterity","T2","4","5","flat"
"16","9.42","8.3","1.135373","attr_primary","strength;intelligence;dexterity","T3","5","7","flat"
"16","9.42","8.3","1.135373","vitality_primary","vitality","T1","3","4","flat"
"16","9.42","8.3","1.135373","vitality_primary","vitality","T2","4","5","flat"
"16","9.42","8.3","1.135373","vitality_primary","vitality","T3","6","8","flat"
"16","10.6","9","1.178331","damage_primary","melee_damage;spell_damage;ranged_damage","T1","6","8","flat"
"16","10.6","9","1.178331","damage_primary","melee_damage;spell_damage;ranged_damage","T2","10","12","flat"
"16","10.6","9","1.178331","damage_primary","melee_damage;spell_damage;ranged_damage","T3","13","16","flat"
"16","9.75","8.4","1.160969","resistance_primary","armor;spell_shield;missile_resistance","T1","5","7","flat"
"16","9.75","8.4","1.160969","resistance_primary","armor;spell_shield;missile_resistance","T2","8","10","flat"
"16","9.75","8.4","1.160969","resistance_primary","armor;spell_shield;missile_resistance","T3","11","13","flat"
"16","9.75","8.4","1.160969","max_hitpoints_primary","max_hitpoints","T1","12","16","flat"
"16","9.75","8.4","1.160969","max_hitpoints_primary","max_hitpoints","T2","19","23","flat"
"16","9.75","8.4","1.160969","max_hitpoints_primary","max_hitpoints","T3","25","31","flat"
"16","26.94","25","1.077683","crit_chance","crit_chance","T1","48","59","basis_points"
"16","26.94","25","1.077683","crit_chance","crit_chance","T2","65","75","basis_points"
"16","26.94","25","1.077683","crit_chance","crit_chance","T3","81","94","basis_points"
"16","26.94","25","1.077683","crit_damage","crit_damage","T1","70","92","basis_points"
"16","26.94","25","1.077683","crit_damage","crit_damage","T2","100","129","basis_points"
"16","26.94","25","1.077683","crit_damage","crit_damage","T3","135","167","basis_points"
"16","26.94","25","1.077683","double_attack_chance","double_attack_chance;extra_attack_chance","T1","32","43","basis_points"
"16","26.94","25","1.077683","double_attack_chance","double_attack_chance;extra_attack_chance","T2","46","59","basis_points"
"16","26.94","25","1.077683","double_attack_chance","double_attack_chance;extra_attack_chance","T3","62","81","basis_points"
"16","26.94","25","1.077683","threat_bps","threat","T1","48","59","basis_points"
"16","26.94","25","1.077683","threat_bps","threat","T2","65","75","basis_points"
"16","26.94","25","1.077683","threat_bps","threat","T3","81","94","basis_points"
"17","9.76","8.52","1.145024","attr_primary","strength;intelligence;dexterity","T1","2","3","flat"
"17","9.76","8.52","1.145024","attr_primary","strength;intelligence;dexterity","T2","4","5","flat"
"17","9.76","8.52","1.145024","attr_primary","strength;intelligence;dexterity","T3","5","7","flat"
"17","9.76","8.52","1.145024","vitality_primary","vitality","T1","3","4","flat"
"17","9.76","8.52","1.145024","vitality_primary","vitality","T2","4","6","flat"
"17","9.76","8.52","1.145024","vitality_primary","vitality","T3","6","8","flat"
"17","11.2","9.4","1.191293","damage_primary","melee_damage;spell_damage;ranged_damage","T1","7","9","flat"
"17","11.2","9.4","1.191293","damage_primary","melee_damage;spell_damage;ranged_damage","T2","10","13","flat"
"17","11.2","9.4","1.191293","damage_primary","melee_damage;spell_damage;ranged_damage","T3","13","17","flat"
"17","10.27","8.76","1.172579","resistance_primary","armor;spell_shield;missile_resistance","T1","6","8","flat"
"17","10.27","8.76","1.172579","resistance_primary","armor;spell_shield;missile_resistance","T2","8","10","flat"
"17","10.27","8.76","1.172579","resistance_primary","armor;spell_shield;missile_resistance","T3","11","14","flat"
"17","10.27","8.76","1.172579","max_hitpoints_primary","max_hitpoints","T1","12","16","flat"
"17","10.27","8.76","1.172579","max_hitpoints_primary","max_hitpoints","T2","20","25","flat"
"17","10.27","8.76","1.172579","max_hitpoints_primary","max_hitpoints","T3","27","33","flat"
"17","28.16","26","1.083071","crit_chance","crit_chance","T1","51","62","basis_points"
"17","28.16","26","1.083071","crit_chance","crit_chance","T2","68","79","basis_points"
"17","28.16","26","1.083071","crit_chance","crit_chance","T3","84","99","basis_points"
"17","28.16","26","1.083071","crit_damage","crit_damage","T1","73","96","basis_points"
"17","28.16","26","1.083071","crit_damage","crit_damage","T2","104","135","basis_points"
"17","28.16","26","1.083071","crit_damage","crit_damage","T3","141","175","basis_points"
"17","28.16","26","1.083071","double_attack_chance","double_attack_chance;extra_attack_chance","T1","34","45","basis_points"
"17","28.16","26","1.083071","double_attack_chance","double_attack_chance;extra_attack_chance","T2","48","62","basis_points"
"17","28.16","26","1.083071","double_attack_chance","double_attack_chance;extra_attack_chance","T3","65","84","basis_points"
"17","28.16","26","1.083071","threat_bps","threat","T1","51","62","basis_points"
"17","28.16","26","1.083071","threat_bps","threat","T2","68","79","basis_points"
"17","28.16","26","1.083071","threat_bps","threat","T3","84","99","basis_points"
"18","10.09","8.74","1.154756","attr_primary","strength;intelligence;dexterity","T1","3","4","flat"
"18","10.09","8.74","1.154756","attr_primary","strength;intelligence;dexterity","T2","4","5","flat"
"18","10.09","8.74","1.154756","attr_primary","strength;intelligence;dexterity","T3","6","7","flat"
"18","10.09","8.74","1.154756","vitality_primary","vitality","T1","3","4","flat"
"18","10.09","8.74","1.154756","vitality_primary","vitality","T2","5","6","flat"
"18","10.09","8.74","1.154756","vitality_primary","vitality","T3","7","8","flat"
"18","11.8","9.8","1.204397","damage_primary","melee_damage;spell_damage;ranged_damage","T1","7","9","flat"
"18","11.8","9.8","1.204397","damage_primary","melee_damage;spell_damage;ranged_damage","T2","11","14","flat"
"18","11.8","9.8","1.204397","damage_primary","melee_damage;spell_damage;ranged_damage","T3","14","18","flat"
"18","10.8","9.12","1.184304","resistance_primary","armor;spell_shield;missile_resistance","T1","6","8","flat"
"18","10.8","9.12","1.184304","resistance_primary","armor;spell_shield;missile_resistance","T2","9","11","flat"
"18","10.8","9.12","1.184304","resistance_primary","armor;spell_shield;missile_resistance","T3","12","15","flat"
"18","10.8","9.12","1.184304","max_hitpoints_primary","max_hitpoints","T1","13","17","flat"
"18","10.8","9.12","1.184304","max_hitpoints_primary","max_hitpoints","T2","21","26","flat"
"18","10.8","9.12","1.184304","max_hitpoints_primary","max_hitpoints","T3","28","35","flat"
"18","29.39","27","1.088487","crit_chance","crit_chance","T1","53","65","basis_points"
"18","29.39","27","1.088487","crit_chance","crit_chance","T2","71","82","basis_points"
"18","29.39","27","1.088487","crit_chance","crit_chance","T3","88","103","basis_points"
"18","29.39","27","1.088487","crit_damage","crit_damage","T1","76","100","basis_points"
"18","29.39","27","1.088487","crit_damage","crit_damage","T2","109","141","basis_points"
"18","29.39","27","1.088487","crit_damage","crit_damage","T3","147","182","basis_points"
"18","29.39","27","1.088487","double_attack_chance","double_attack_chance;extra_attack_chance","T1","35","47","basis_points"
"18","29.39","27","1.088487","double_attack_chance","double_attack_chance;extra_attack_chance","T2","50","65","basis_points"
"18","29.39","27","1.088487","double_attack_chance","double_attack_chance;extra_attack_chance","T3","68","88","basis_points"
"18","29.39","27","1.088487","threat_bps","threat","T1","53","65","basis_points"
"18","29.39","27","1.088487","threat_bps","threat","T2","71","82","basis_points"
"18","29.39","27","1.088487","threat_bps","threat","T3","88","103","basis_points"
"19","10.43","8.96","1.164572","attr_primary","strength;intelligence;dexterity","T1","3","4","flat"
"19","10.43","8.96","1.164572","attr_primary","strength;intelligence;dexterity","T2","4","5","flat"
"19","10.43","8.96","1.164572","attr_primary","strength;intelligence;dexterity","T3","6","8","flat"
"19","10.43","8.96","1.164572","vitality_primary","vitality","T1","3","4","flat"
"19","10.43","8.96","1.164572","vitality_primary","vitality","T2","5","6","flat"
"19","10.43","8.96","1.164572","vitality_primary","vitality","T3","7","9","flat"
"19","12.42","10.2","1.217645","damage_primary","melee_damage;spell_damage;ranged_damage","T1","7","10","flat"
"19","12.42","10.2","1.217645","damage_primary","melee_damage;spell_damage;ranged_damage","T2","11","14","flat"
"19","12.42","10.2","1.217645","damage_primary","melee_damage;spell_damage;ranged_damage","T3","15","19","flat"
"19","11.34","9.48","1.196147","resistance_primary","armor;spell_shield;missile_resistance","T1","6","9","flat"
"19","11.34","9.48","1.196147","resistance_primary","armor;spell_shield;missile_resistance","T2","9","11","flat"
"19","11.34","9.48","1.196147","resistance_primary","armor;spell_shield;missile_resistance","T3","12","15","flat"
"19","11.34","9.48","1.196147","max_hitpoints_primary","max_hitpoints","T1","14","18","flat"
"19","11.34","9.48","1.196147","max_hitpoints_primary","max_hitpoints","T2","22","27","flat"
"19","11.34","9.48","1.196147","max_hitpoints_primary","max_hitpoints","T3","29","36","flat"
"19","30.63","28","1.093929","crit_chance","crit_chance","T1","55","67","basis_points"
"19","30.63","28","1.093929","crit_chance","crit_chance","T2","74","86","basis_points"
"19","30.63","28","1.093929","crit_chance","crit_chance","T3","92","107","basis_points"
"19","30.63","28","1.093929","crit_damage","crit_damage","T1","80","104","basis_points"
"19","30.63","28","1.093929","crit_damage","crit_damage","T2","113","147","basis_points"
"19","30.63","28","1.093929","crit_damage","crit_damage","T3","153","190","basis_points"
"19","30.63","28","1.093929","double_attack_chance","double_attack_chance;extra_attack_chance","T1","37","49","basis_points"
"19","30.63","28","1.093929","double_attack_chance","double_attack_chance;extra_attack_chance","T2","52","67","basis_points"
"19","30.63","28","1.093929","double_attack_chance","double_attack_chance;extra_attack_chance","T3","70","92","basis_points"
"19","30.63","28","1.093929","threat_bps","threat","T1","55","67","basis_points"
"19","30.63","28","1.093929","threat_bps","threat","T2","74","86","basis_points"
"19","30.63","28","1.093929","threat_bps","threat","T3","92","107","basis_points"
"20","10.78","9.18","1.174471","attr_primary","strength;intelligence;dexterity","T1","3","4","flat"
"20","10.78","9.18","1.174471","attr_primary","strength;intelligence;dexterity","T2","4","5","flat"
"20","10.78","9.18","1.174471","attr_primary","strength;intelligence;dexterity","T3","6","8","flat"
"20","10.78","9.18","1.174471","vitality_primary","vitality","T1","3","4","flat"
"20","10.78","9.18","1.174471","vitality_primary","vitality","T2","5","6","flat"
"20","10.78","9.18","1.174471","vitality_primary","vitality","T3","7","9","flat"
"20","13.05","10.6","1.231039","damage_primary","melee_damage;spell_damage;ranged_damage","T1","8","10","flat"
"20","13.05","10.6","1.231039","damage_primary","melee_damage;spell_damage;ranged_damage","T2","12","15","flat"
"20","13.05","10.6","1.231039","damage_primary","melee_damage;spell_damage;ranged_damage","T3","16","20","flat"
"20","11.89","9.84","1.208109","resistance_primary","armor;spell_shield;missile_resistance","T1","7","9","flat"
"20","11.89","9.84","1.208109","resistance_primary","armor;spell_shield;missile_resistance","T2","10","12","flat"
"20","11.89","9.84","1.208109","resistance_primary","armor;spell_shield;missile_resistance","T3","13","16","flat"
"20","11.89","9.84","1.208109","max_hitpoints_primary","max_hitpoints","T1","14","19","flat"
"20","11.89","9.84","1.208109","max_hitpoints_primary","max_hitpoints","T2","23","29","flat"
"20","11.89","9.84","1.208109","max_hitpoints_primary","max_hitpoints","T3","31","38","flat"
"20","31.88","29","1.099399","crit_chance","crit_chance","T1","57","70","basis_points"
"20","31.88","29","1.099399","crit_chance","crit_chance","T2","77","89","basis_points"
"20","31.88","29","1.099399","crit_chance","crit_chance","T3","96","112","basis_points"
"20","31.88","29","1.099399","crit_damage","crit_damage","T1","83","108","basis_points"
"20","31.88","29","1.099399","crit_damage","crit_damage","T2","118","153","basis_points"
"20","31.88","29","1.099399","crit_damage","crit_damage","T3","159","198","basis_points"
"20","31.88","29","1.099399","double_attack_chance","double_attack_chance;extra_attack_chance","T1","38","51","basis_points"
"20","31.88","29","1.099399","double_attack_chance","double_attack_chance;extra_attack_chance","T2","54","70","basis_points"
"20","31.88","29","1.099399","double_attack_chance","double_attack_chance;extra_attack_chance","T3","73","96","basis_points"
"20","31.88","29","1.099399","threat_bps","threat","T1","57","70","basis_points"
"20","31.88","29","1.099399","threat_bps","threat","T2","77","89","basis_points"
"20","31.88","29","1.099399","threat_bps","threat","T3","96","112","basis_points"
"21","11.13","9.4","1.184454","attr_primary","strength;intelligence;dexterity","T1","3","4","flat"
"21","11.13","9.4","1.184454","attr_primary","strength;intelligence;dexterity","T2","4","6","flat"
"21","11.13","9.4","1.184454","attr_primary","strength;intelligence;dexterity","T3","6","8","flat"
"21","11.13","9.4","1.184454","vitality_primary","vitality","T1","3","4","flat"
"21","11.13","9.4","1.184454","vitality_primary","vitality","T2","5","6","flat"
"21","11.13","9.4","1.184454","vitality_primary","vitality","T3","7","9","flat"
"21","13.69","11","1.244581","damage_primary","melee_damage;spell_damage;ranged_damage","T1","8","11","flat"
"21","13.69","11","1.244581","damage_primary","melee_damage;spell_damage;ranged_damage","T2","12","16","flat"
"21","13.69","11","1.244581","damage_primary","melee_damage;spell_damage;ranged_damage","T3","16","21","flat"
"21","12.45","10.2","1.22019","resistance_primary","armor;spell_shield;missile_resistance","T1","7","9","flat"
"21","12.45","10.2","1.22019","resistance_primary","armor;spell_shield;missile_resistance","T2","10","12","flat"
"21","12.45","10.2","1.22019","resistance_primary","armor;spell_shield;missile_resistance","T3","14","17","flat"
"21","12.45","10.2","1.22019","max_hitpoints_primary","max_hitpoints","T1","15","20","flat"
"21","12.45","10.2","1.22019","max_hitpoints_primary","max_hitpoints","T2","24","30","flat"
"21","12.45","10.2","1.22019","max_hitpoints_primary","max_hitpoints","T3","32","40","flat"
"21","33.15","30","1.104896","crit_chance","crit_chance","T1","60","73","basis_points"
"21","33.15","30","1.104896","crit_chance","crit_chance","T2","80","93","basis_points"
"21","33.15","30","1.104896","crit_chance","crit_chance","T3","99","116","basis_points"
"21","33.15","30","1.104896","crit_damage","crit_damage","T1","86","113","basis_points"
"21","33.15","30","1.104896","crit_damage","crit_damage","T2","123","159","basis_points"
"21","33.15","30","1.104896","crit_damage","crit_damage","T3","166","206","basis_points"
"21","33.15","30","1.104896","double_attack_chance","double_attack_chance;extra_attack_chance","T1","40","53","basis_points"
"21","33.15","30","1.104896","double_attack_chance","double_attack_chance;extra_attack_chance","T2","56","73","basis_points"
"21","33.15","30","1.104896","double_attack_chance","double_attack_chance;extra_attack_chance","T3","76","99","basis_points"
"21","33.15","30","1.104896","threat_bps","threat","T1","60","73","basis_points"
"21","33.15","30","1.104896","threat_bps","threat","T2","80","93","basis_points"
"21","33.15","30","1.104896","threat_bps","threat","T3","99","116","basis_points"
"22","11.49","9.62","1.194521","attr_primary","strength;intelligence;dexterity","T1","3","4","flat"
"22","11.49","9.62","1.194521","attr_primary","strength;intelligence;dexterity","T2","4","6","flat"
"22","11.49","9.62","1.194521","attr_primary","strength;intelligence;dexterity","T3","6","8","flat"
"22","11.49","9.62","1.194521","vitality_primary","vitality","T1","3","5","flat"
"22","11.49","9.62","1.194521","vitality_primary","vitality","T2","5","7","flat"
"22","11.49","9.62","1.194521","vitality_primary","vitality","T3","7","9","flat"
"22","14.34","11.4","1.258271","damage_primary","melee_damage;spell_damage;ranged_damage","T1","9","11","flat"
"22","14.34","11.4","1.258271","damage_primary","melee_damage;spell_damage;ranged_damage","T2","13","16","flat"
"22","14.34","11.4","1.258271","damage_primary","melee_damage;spell_damage;ranged_damage","T3","17","22","flat"
"22","13.01","10.56","1.232392","resistance_primary","armor;spell_shield;missile_resistance","T1","7","10","flat"
"22","13.01","10.56","1.232392","resistance_primary","armor;spell_shield;missile_resistance","T2","10","13","flat"
"22","13.01","10.56","1.232392","resistance_primary","armor;spell_shield;missile_resistance","T3","14","18","flat"
"22","13.01","10.56","1.232392","max_hitpoints_primary","max_hitpoints","T1","16","21","flat"
"22","13.01","10.56","1.232392","max_hitpoints_primary","max_hitpoints","T2","25","31","flat"
"22","13.01","10.56","1.232392","max_hitpoints_primary","max_hitpoints","T3","34","42","flat"
"22","34.42","31","1.11042","crit_chance","crit_chance","T1","62","76","basis_points"
"22","34.42","31","1.11042","crit_chance","crit_chance","T2","83","96","basis_points"
"22","34.42","31","1.11042","crit_chance","crit_chance","T3","103","120","basis_points"
"22","34.42","31","1.11042","crit_damage","crit_damage","T1","89","117","basis_points"
"22","34.42","31","1.11042","crit_damage","crit_damage","T2","127","165","basis_points"
"22","34.42","31","1.11042","crit_damage","crit_damage","T3","172","213","basis_points"
"22","34.42","31","1.11042","double_attack_chance","double_attack_chance;extra_attack_chance","T1","41","55","basis_points"
"22","34.42","31","1.11042","double_attack_chance","double_attack_chance;extra_attack_chance","T2","59","76","basis_points"
"22","34.42","31","1.11042","double_attack_chance","double_attack_chance;extra_attack_chance","T3","79","103","basis_points"
"22","34.42","31","1.11042","threat_bps","threat","T1","62","76","basis_points"
"22","34.42","31","1.11042","threat_bps","threat","T2","83","96","basis_points"
"22","34.42","31","1.11042","threat_bps","threat","T3","103","120","basis_points"
"23","11.85","9.84","1.204675","attr_primary","strength;intelligence;dexterity","T1","3","4","flat"
"23","11.85","9.84","1.204675","attr_primary","strength;intelligence;dexterity","T2","5","6","flat"
"23","11.85","9.84","1.204675","attr_primary","strength;intelligence;dexterity","T3","7","9","flat"
"23","11.85","9.84","1.204675","vitality_primary","vitality","T1","4","5","flat"
"23","11.85","9.84","1.204675","vitality_primary","vitality","T2","5","7","flat"
"23","11.85","9.84","1.204675","vitality_primary","vitality","T3","8","10","flat"
"23","15.01","11.8","1.272112","damage_primary","melee_damage;spell_damage;ranged_damage","T1","9","12","flat"
"23","15.01","11.8","1.272112","damage_primary","melee_damage;spell_damage;ranged_damage","T2","14","17","flat"
"23","15.01","11.8","1.272112","damage_primary","melee_damage;spell_damage;ranged_damage","T3","18","23","flat"
"23","13.59","10.92","1.244716","resistance_primary","armor;spell_shield;missile_resistance","T1","7","10","flat"
"23","13.59","10.92","1.244716","resistance_primary","armor;spell_shield;missile_resistance","T2","11","14","flat"
"23","13.59","10.92","1.244716","resistance_primary","armor;spell_shield;missile_resistance","T3","15","18","flat"
"23","13.59","10.92","1.244716","max_hitpoints_primary","max_hitpoints","T1","16","22","flat"
"23","13.59","10.92","1.244716","max_hitpoints_primary","max_hitpoints","T2","26","33","flat"
"23","13.59","10.92","1.244716","max_hitpoints_primary","max_hitpoints","T3","35","43","flat"
"23","35.71","32","1.115972","crit_chance","crit_chance","T1","64","79","basis_points"
"23","35.71","32","1.115972","crit_chance","crit_chance","T2","86","100","basis_points"
"23","35.71","32","1.115972","crit_chance","crit_chance","T3","107","125","basis_points"
"23","35.71","32","1.115972","crit_damage","crit_damage","T1","93","121","basis_points"
"23","35.71","32","1.115972","crit_damage","crit_damage","T2","132","171","basis_points"
"23","35.71","32","1.115972","crit_damage","crit_damage","T3","179","221","basis_points"
"23","35.71","32","1.115972","double_attack_chance","double_attack_chance;extra_attack_chance","T1","43","57","basis_points"
"23","35.71","32","1.115972","double_attack_chance","double_attack_chance;extra_attack_chance","T2","61","79","basis_points"
"23","35.71","32","1.115972","double_attack_chance","double_attack_chance;extra_attack_chance","T3","82","107","basis_points"
"23","35.71","32","1.115972","threat_bps","threat","T1","64","79","basis_points"
"23","35.71","32","1.115972","threat_bps","threat","T2","86","100","basis_points"
"23","35.71","32","1.115972","threat_bps","threat","T3","107","125","basis_points"
"24","12.22","10.06","1.214915","attr_primary","strength;intelligence;dexterity","T1","3","4","flat"
"24","12.22","10.06","1.214915","attr_primary","strength;intelligence;dexterity","T2","5","6","flat"
"24","12.22","10.06","1.214915","attr_primary","strength;intelligence;dexterity","T3","7","9","flat"
"24","12.22","10.06","1.214915","vitality_primary","vitality","T1","4","5","flat"
"24","12.22","10.06","1.214915","vitality_primary","vitality","T2","5","7","flat"
"24","12.22","10.06","1.214915","vitality_primary","vitality","T3","8","10","flat"
"24","15.69","12.2","1.286105","damage_primary","melee_damage;spell_damage;ranged_damage","T1","9","13","flat"
"24","15.69","12.2","1.286105","damage_primary","melee_damage;spell_damage;ranged_damage","T2","14","18","flat"
"24","15.69","12.2","1.286105","damage_primary","melee_damage;spell_damage;ranged_damage","T3","19","24","flat"
"24","14.18","11.28","1.257163","resistance_primary","armor;spell_shield;missile_resistance","T1","8","11","flat"
"24","14.18","11.28","1.257163","resistance_primary","armor;spell_shield;missile_resistance","T2","11","14","flat"
"24","14.18","11.28","1.257163","resistance_primary","armor;spell_shield;missile_resistance","T3","16","19","flat"
"24","14.18","11.28","1.257163","max_hitpoints_primary","max_hitpoints","T1","17","23","flat"
"24","14.18","11.28","1.257163","max_hitpoints_primary","max_hitpoints","T2","27","34","flat"
"24","14.18","11.28","1.257163","max_hitpoints_primary","max_hitpoints","T3","37","45","flat"
"24","37.01","33","1.121552","crit_chance","crit_chance","T1","67","81","basis_points"
"24","37.01","33","1.121552","crit_chance","crit_chance","T2","89","104","basis_points"
"24","37.01","33","1.121552","crit_chance","crit_chance","T3","111","130","basis_points"
"24","37.01","33","1.121552","crit_damage","crit_damage","T1","96","126","basis_points"
"24","37.01","33","1.121552","crit_damage","crit_damage","T2","137","178","basis_points"
"24","37.01","33","1.121552","crit_damage","crit_damage","T3","185","229","basis_points"
"24","37.01","33","1.121552","double_attack_chance","double_attack_chance;extra_attack_chance","T1","44","59","basis_points"
"24","37.01","33","1.121552","double_attack_chance","double_attack_chance;extra_attack_chance","T2","63","81","basis_points"
"24","37.01","33","1.121552","double_attack_chance","double_attack_chance;extra_attack_chance","T3","85","111","basis_points"
"24","37.01","33","1.121552","threat_bps","threat","T1","67","81","basis_points"
"24","37.01","33","1.121552","threat_bps","threat","T2","89","104","basis_points"
"24","37.01","33","1.121552","threat_bps","threat","T3","111","130","basis_points"
"25","12.6","10.28","1.225241","attr_primary","strength;intelligence;dexterity","T1","3","4","flat"
"25","12.6","10.28","1.225241","attr_primary","strength;intelligence;dexterity","T2","5","6","flat"
"25","12.6","10.28","1.225241","attr_primary","strength;intelligence;dexterity","T3","7","9","flat"
"25","12.6","10.28","1.225241","vitality_primary","vitality","T1","4","5","flat"
"25","12.6","10.28","1.225241","vitality_primary","vitality","T2","6","7","flat"
"25","12.6","10.28","1.225241","vitality_primary","vitality","T3","8","10","flat"
"25","16.38","12.6","1.300253","damage_primary","melee_damage;spell_damage;ranged_damage","T1","10","13","flat"
"25","16.38","12.6","1.300253","damage_primary","melee_damage;spell_damage;ranged_damage","T2","15","19","flat"
"25","16.38","12.6","1.300253","damage_primary","melee_damage;spell_damage;ranged_damage","T3","20","25","flat"
"25","14.78","11.64","1.269735","resistance_primary","armor;spell_shield;missile_resistance","T1","8","11","flat"
"25","14.78","11.64","1.269735","resistance_primary","armor;spell_shield;missile_resistance","T2","12","15","flat"
"25","14.78","11.64","1.269735","resistance_primary","armor;spell_shield;missile_resistance","T3","16","20","flat"
"25","14.78","11.64","1.269735","max_hitpoints_primary","max_hitpoints","T1","18","24","flat"
"25","14.78","11.64","1.269735","max_hitpoints_primary","max_hitpoints","T2","28","35","flat"
"25","14.78","11.64","1.269735","max_hitpoints_primary","max_hitpoints","T3","38","47","flat"
"25","38.32","34","1.12716","crit_chance","crit_chance","T1","69","84","basis_points"
"25","38.32","34","1.12716","crit_chance","crit_chance","T2","92","107","basis_points"
"25","38.32","34","1.12716","crit_chance","crit_chance","T3","115","134","basis_points"
"25","38.32","34","1.12716","crit_damage","crit_damage","T1","100","130","basis_points"
"25","38.32","34","1.12716","crit_damage","crit_damage","T2","142","184","basis_points"
"25","38.32","34","1.12716","crit_damage","crit_damage","T3","192","238","basis_points"
"25","38.32","34","1.12716","double_attack_chance","double_attack_chance;extra_attack_chance","T1","46","61","basis_points"
"25","38.32","34","1.12716","double_attack_chance","double_attack_chance;extra_attack_chance","T2","65","84","basis_points"
"25","38.32","34","1.12716","double_attack_chance","double_attack_chance;extra_attack_chance","T3","88","115","basis_points"
"25","38.32","34","1.12716","threat_bps","threat","T1","69","84","basis_points"
"25","38.32","34","1.12716","threat_bps","threat","T2","92","107","basis_points"
"25","38.32","34","1.12716","threat_bps","threat","T3","115","134","basis_points"
"26","12.97","10.5","1.235656","attr_primary","strength;intelligence;dexterity","T1","3","5","flat"
"26","12.97","10.5","1.235656","attr_primary","strength;intelligence;dexterity","T2","5","6","flat"
"26","12.97","10.5","1.235656","attr_primary","strength;intelligence;dexterity","T3","7","9","flat"
"26","12.97","10.5","1.235656","vitality_primary","vitality","T1","4","5","flat"
"26","12.97","10.5","1.235656","vitality_primary","vitality","T2","6","8","flat"
"26","12.97","10.5","1.235656","vitality_primary","vitality","T3","8","11","flat"
"26","17.09","13","1.314555","damage_primary","melee_damage;spell_damage;ranged_damage","T1","10","14","flat"
"26","17.09","13","1.314555","damage_primary","melee_damage;spell_damage;ranged_damage","T2","15","20","flat"
"26","17.09","13","1.314555","damage_primary","melee_damage;spell_damage;ranged_damage","T3","21","26","flat"
"26","15.39","12","1.282432","resistance_primary","armor;spell_shield;missile_resistance","T1","8","12","flat"
"26","15.39","12","1.282432","resistance_primary","armor;spell_shield;missile_resistance","T2","12","15","flat"
"26","15.39","12","1.282432","resistance_primary","armor;spell_shield;missile_resistance","T3","17","21","flat"
"26","15.39","12","1.282432","max_hitpoints_primary","max_hitpoints","T1","18","25","flat"
"26","15.39","12","1.282432","max_hitpoints_primary","max_hitpoints","T2","29","37","flat"
"26","15.39","12","1.282432","max_hitpoints_primary","max_hitpoints","T3","40","49","flat"
"26","39.65","35","1.132796","crit_chance","crit_chance","T1","71","87","basis_points"
"26","39.65","35","1.132796","crit_chance","crit_chance","T2","95","111","basis_points"
"26","39.65","35","1.132796","crit_chance","crit_chance","T3","119","139","basis_points"
"26","39.65","35","1.132796","crit_damage","crit_damage","T1","103","135","basis_points"
"26","39.65","35","1.132796","crit_damage","crit_damage","T2","147","190","basis_points"
"26","39.65","35","1.132796","crit_damage","crit_damage","T3","198","246","basis_points"
"26","39.65","35","1.132796","double_attack_chance","double_attack_chance;extra_attack_chance","T1","48","63","basis_points"
"26","39.65","35","1.132796","double_attack_chance","double_attack_chance;extra_attack_chance","T2","67","87","basis_points"
"26","39.65","35","1.132796","double_attack_chance","double_attack_chance;extra_attack_chance","T3","91","119","basis_points"
"26","39.65","35","1.132796","threat_bps","threat","T1","71","87","basis_points"
"26","39.65","35","1.132796","threat_bps","threat","T2","95","111","basis_points"
"26","39.65","35","1.132796","threat_bps","threat","T3","119","139","basis_points"
"27","13.36","10.72","1.246159","attr_primary","strength;intelligence;dexterity","T1","3","5","flat"
"27","13.36","10.72","1.246159","attr_primary","strength;intelligence;dexterity","T2","5","7","flat"
"27","13.36","10.72","1.246159","attr_primary","strength;intelligence;dexterity","T3","7","10","flat"
"27","13.36","10.72","1.246159","vitality_primary","vitality","T1","4","5","flat"
"27","13.36","10.72","1.246159","vitality_primary","vitality","T2","6","8","flat"
"27","13.36","10.72","1.246159","vitality_primary","vitality","T3","9","11","flat"
"27","17.81","13.4","1.329015","damage_primary","melee_damage;spell_damage;ranged_damage","T1","11","14","flat"
"27","17.81","13.4","1.329015","damage_primary","melee_damage;spell_damage;ranged_damage","T2","16","20","flat"
"27","17.81","13.4","1.329015","damage_primary","melee_damage;spell_damage;ranged_damage","T3","21","27","flat"
"27","16.01","12.36","1.295256","resistance_primary","armor;spell_shield;missile_resistance","T1","9","12","flat"
"27","16.01","12.36","1.295256","resistance_primary","armor;spell_shield;missile_resistance","T2","13","16","flat"
"27","16.01","12.36","1.295256","resistance_primary","armor;spell_shield;missile_resistance","T3","18","22","flat"
"27","16.01","12.36","1.295256","max_hitpoints_primary","max_hitpoints","T1","19","26","flat"
"27","16.01","12.36","1.295256","max_hitpoints_primary","max_hitpoints","T2","30","38","flat"
"27","16.01","12.36","1.295256","max_hitpoints_primary","max_hitpoints","T3","42","51","flat"
"27","40.98","36","1.13846","crit_chance","crit_chance","T1","74","90","basis_points"
"27","40.98","36","1.13846","crit_chance","crit_chance","T2","98","115","basis_points"
"27","40.98","36","1.13846","crit_chance","crit_chance","T3","123","143","basis_points"
"27","40.98","36","1.13846","crit_damage","crit_damage","T1","107","139","basis_points"
"27","40.98","36","1.13846","crit_damage","crit_damage","T2","152","197","basis_points"
"27","40.98","36","1.13846","crit_damage","crit_damage","T3","205","254","basis_points"
"27","40.98","36","1.13846","double_attack_chance","double_attack_chance;extra_attack_chance","T1","49","66","basis_points"
"27","40.98","36","1.13846","double_attack_chance","double_attack_chance;extra_attack_chance","T2","70","90","basis_points"
"27","40.98","36","1.13846","double_attack_chance","double_attack_chance;extra_attack_chance","T3","94","123","basis_points"
"27","40.98","36","1.13846","threat_bps","threat","T1","74","90","basis_points"
"27","40.98","36","1.13846","threat_bps","threat","T2","98","115","basis_points"
"27","40.98","36","1.13846","threat_bps","threat","T3","123","143","basis_points"
"28","13.75","10.94","1.256751","attr_primary","strength;intelligence;dexterity","T1","3","5","flat"
"28","13.75","10.94","1.256751","attr_primary","strength;intelligence;dexterity","T2","5","7","flat"
"28","13.75","10.94","1.256751","attr_primary","strength;intelligence;dexterity","T3","8","10","flat"
"28","13.75","10.94","1.256751","vitality_primary","vitality","T1","4","5","flat"
"28","13.75","10.94","1.256751","vitality_primary","vitality","T2","6","8","flat"
"28","13.75","10.94","1.256751","vitality_primary","vitality","T3","9","11","flat"
"28","18.54","13.8","1.343635","damage_primary","melee_damage;spell_damage;ranged_damage","T1","11","15","flat"
"28","18.54","13.8","1.343635","damage_primary","melee_damage;spell_damage;ranged_damage","T2","17","21","flat"
"28","18.54","13.8","1.343635","damage_primary","melee_damage;spell_damage;ranged_damage","T3","22","28","flat"
"28","16.64","12.72","1.308209","resistance_primary","armor;spell_shield;missile_resistance","T1","9","12","flat"
"28","16.64","12.72","1.308209","resistance_primary","armor;spell_shield;missile_resistance","T2","13","17","flat"
"28","16.64","12.72","1.308209","resistance_primary","armor;spell_shield;missile_resistance","T3","18","22","flat"
"28","16.64","12.72","1.308209","max_hitpoints_primary","max_hitpoints","T1","20","27","flat"
"28","16.64","12.72","1.308209","max_hitpoints_primary","max_hitpoints","T2","32","40","flat"
"28","16.64","12.72","1.308209","max_hitpoints_primary","max_hitpoints","T3","43","53","flat"
"28","42.33","37","1.144152","crit_chance","crit_chance","T1","76","93","basis_points"
"28","42.33","37","1.144152","crit_chance","crit_chance","T2","102","119","basis_points"
"28","42.33","37","1.144152","crit_chance","crit_chance","T3","127","148","basis_points"
"28","42.33","37","1.144152","crit_damage","crit_damage","T1","110","144","basis_points"
"28","42.33","37","1.144152","crit_damage","crit_damage","T2","157","203","basis_points"
"28","42.33","37","1.144152","crit_damage","crit_damage","T3","212","262","basis_points"
"28","42.33","37","1.144152","double_attack_chance","double_attack_chance;extra_attack_chance","T1","51","68","basis_points"
"28","42.33","37","1.144152","double_attack_chance","double_attack_chance;extra_attack_chance","T2","72","93","basis_points"
"28","42.33","37","1.144152","double_attack_chance","double_attack_chance;extra_attack_chance","T3","97","127","basis_points"
"28","42.33","37","1.144152","threat_bps","threat","T1","76","93","basis_points"
"28","42.33","37","1.144152","threat_bps","threat","T2","102","119","basis_points"
"28","42.33","37","1.144152","threat_bps","threat","T3","127","148","basis_points"
"29","14.14","11.16","1.267434","attr_primary","strength;intelligence;dexterity","T1","4","5","flat"
"29","14.14","11.16","1.267434","attr_primary","strength;intelligence;dexterity","T2","5","7","flat"
"29","14.14","11.16","1.267434","attr_primary","strength;intelligence;dexterity","T3","8","10","flat"
"29","14.14","11.16","1.267434","vitality_primary","vitality","T1","4","6","flat"
"29","14.14","11.16","1.267434","vitality_primary","vitality","T2","6","8","flat"
"29","14.14","11.16","1.267434","vitality_primary","vitality","T3","9","12","flat"
"29","19.29","14.2","1.358415","damage_primary","melee_damage;spell_damage;ranged_damage","T1","12","15","flat"
"29","19.29","14.2","1.358415","damage_primary","melee_damage;spell_damage;ranged_damage","T2","17","22","flat"
"29","19.29","14.2","1.358415","damage_primary","melee_damage;spell_damage;ranged_damage","T3","23","29","flat"
"29","17.28","13.08","1.321291","resistance_primary","armor;spell_shield;missile_resistance","T1","10","13","flat"
"29","17.28","13.08","1.321291","resistance_primary","armor;spell_shield;missile_resistance","T2","14","17","flat"
"29","17.28","13.08","1.321291","resistance_primary","armor;spell_shield;missile_resistance","T3","19","23","flat"
"29","17.28","13.08","1.321291","max_hitpoints_primary","max_hitpoints","T1","21","28","flat"
"29","17.28","13.08","1.321291","max_hitpoints_primary","max_hitpoints","T2","33","41","flat"
"29","17.28","13.08","1.321291","max_hitpoints_primary","max_hitpoints","T3","45","55","flat"
"29","43.7","38","1.149873","crit_chance","crit_chance","T1","79","96","basis_points"
"29","43.7","38","1.149873","crit_chance","crit_chance","T2","105","122","basis_points"
"29","43.7","38","1.149873","crit_chance","crit_chance","T3","131","153","basis_points"
"29","43.7","38","1.149873","crit_damage","crit_damage","T1","114","149","basis_points"
"29","43.7","38","1.149873","crit_damage","crit_damage","T2","162","210","basis_points"
"29","43.7","38","1.149873","crit_damage","crit_damage","T3","218","271","basis_points"
"29","43.7","38","1.149873","double_attack_chance","double_attack_chance;extra_attack_chance","T1","52","70","basis_points"
"29","43.7","38","1.149873","double_attack_chance","double_attack_chance;extra_attack_chance","T2","74","96","basis_points"
"29","43.7","38","1.149873","double_attack_chance","double_attack_chance;extra_attack_chance","T3","100","131","basis_points"
"29","43.7","38","1.149873","threat_bps","threat","T1","79","96","basis_points"
"29","43.7","38","1.149873","threat_bps","threat","T2","105","122","basis_points"
"29","43.7","38","1.149873","threat_bps","threat","T3","131","153","basis_points"
"30","14.55","11.38","1.278207","attr_primary","strength;intelligence;dexterity","T1","4","5","flat"
"30","14.55","11.38","1.278207","attr_primary","strength;intelligence;dexterity","T2","6","7","flat"
"30","14.55","11.38","1.278207","attr_primary","strength;intelligence;dexterity","T3","8","10","flat"
"30","14.55","11.38","1.278207","vitality_primary","vitality","T1","4","6","flat"
"30","14.55","11.38","1.278207","vitality_primary","vitality","T2","7","8","flat"
"30","14.55","11.38","1.278207","vitality_primary","vitality","T3","9","12","flat"
"30","20.05","14.6","1.373357","damage_primary","melee_damage;spell_damage;ranged_damage","T1","12","16","flat"
"30","20.05","14.6","1.373357","damage_primary","melee_damage;spell_damage;ranged_damage","T2","18","23","flat"
"30","20.05","14.6","1.373357","damage_primary","melee_damage;spell_damage;ranged_damage","T3","24","30","flat"
"30","17.94","13.44","1.334504","resistance_primary","armor;spell_shield;missile_resistance","T1","10","13","flat"
"30","17.94","13.44","1.334504","resistance_primary","armor;spell_shield;missile_resistance","T2","14","18","flat"
"30","17.94","13.44","1.334504","resistance_primary","armor;spell_shield;missile_resistance","T3","20","24","flat"
"30","17.94","13.44","1.334504","max_hitpoints_primary","max_hitpoints","T1","22","29","flat"
"30","17.94","13.44","1.334504","max_hitpoints_primary","max_hitpoints","T2","34","43","flat"
"30","17.94","13.44","1.334504","max_hitpoints_primary","max_hitpoints","T3","47","57","flat"
"30","45.07","39","1.155622","crit_chance","crit_chance","T1","81","99","basis_points"
"30","45.07","39","1.155622","crit_chance","crit_chance","T2","108","126","basis_points"
"30","45.07","39","1.155622","crit_chance","crit_chance","T3","135","158","basis_points"
"30","45.07","39","1.155622","crit_damage","crit_damage","T1","117","153","basis_points"
"30","45.07","39","1.155622","crit_damage","crit_damage","T2","167","216","basis_points"
"30","45.07","39","1.155622","crit_damage","crit_damage","T3","225","279","basis_points"
"30","45.07","39","1.155622","double_attack_chance","double_attack_chance;extra_attack_chance","T1","54","72","basis_points"
"30","45.07","39","1.155622","double_attack_chance","double_attack_chance;extra_attack_chance","T2","77","99","basis_points"
"30","45.07","39","1.155622","double_attack_chance","double_attack_chance;extra_attack_chance","T3","104","135","basis_points"
"30","45.07","39","1.155622","threat_bps","threat","T1","81","99","basis_points"
"30","45.07","39","1.155622","threat_bps","threat","T2","108","126","basis_points"
"30","45.07","39","1.155622","threat_bps","threat","T3","135","158","basis_points"
"31","14.95","11.6","1.289072","attr_primary","strength;intelligence;dexterity","T1","4","5","flat"
"31","14.95","11.6","1.289072","attr_primary","strength;intelligence;dexterity","T2","6","7","flat"
"31","14.95","11.6","1.289072","attr_primary","strength;intelligence;dexterity","T3","8","11","flat"
"31","14.95","11.6","1.289072","vitality_primary","vitality","T1","4","6","flat"
"31","14.95","11.6","1.289072","vitality_primary","vitality","T2","7","9","flat"
"31","14.95","11.6","1.289072","vitality_primary","vitality","T3","10","12","flat"
"31","20.83","15","1.388464","damage_primary","melee_damage;spell_damage;ranged_damage","T1","12","17","flat"
"31","20.83","15","1.388464","damage_primary","melee_damage;spell_damage;ranged_damage","T2","19","24","flat"
"31","20.83","15","1.388464","damage_primary","melee_damage;spell_damage;ranged_damage","T3","25","31","flat"
"31","18.6","13.8","1.347849","resistance_primary","armor;spell_shield;missile_resistance","T1","10","14","flat"
"31","18.6","13.8","1.347849","resistance_primary","armor;spell_shield;missile_resistance","T2","15","19","flat"
"31","18.6","13.8","1.347849","resistance_primary","armor;spell_shield;missile_resistance","T3","20","25","flat"
"31","18.6","13.8","1.347849","max_hitpoints_primary","max_hitpoints","T1","22","30","flat"
"31","18.6","13.8","1.347849","max_hitpoints_primary","max_hitpoints","T2","35","45","flat"
"31","18.6","13.8","1.347849","max_hitpoints_primary","max_hitpoints","T3","48","60","flat"
"31","46.46","40","1.1614","crit_chance","crit_chance","T1","84","102","basis_points"
"31","46.46","40","1.1614","crit_chance","crit_chance","T2","111","130","basis_points"
"31","46.46","40","1.1614","crit_chance","crit_chance","T3","139","163","basis_points"
"31","46.46","40","1.1614","crit_damage","crit_damage","T1","121","158","basis_points"
"31","46.46","40","1.1614","crit_damage","crit_damage","T2","172","223","basis_points"
"31","46.46","40","1.1614","crit_damage","crit_damage","T3","232","288","basis_points"
"31","46.46","40","1.1614","double_attack_chance","double_attack_chance;extra_attack_chance","T1","56","74","basis_points"
"31","46.46","40","1.1614","double_attack_chance","double_attack_chance;extra_attack_chance","T2","79","102","basis_points"
"31","46.46","40","1.1614","double_attack_chance","double_attack_chance;extra_attack_chance","T3","107","139","basis_points"
"31","46.46","40","1.1614","threat_bps","threat","T1","84","102","basis_points"
"31","46.46","40","1.1614","threat_bps","threat","T2","111","130","basis_points"
"31","46.46","40","1.1614","threat_bps","threat","T3","139","163","basis_points"
"32","15.37","11.82","1.300029","attr_primary","strength;intelligence;dexterity","T1","4","5","flat"
"32","15.37","11.82","1.300029","attr_primary","strength;intelligence;dexterity","T2","6","8","flat"
"32","15.37","11.82","1.300029","attr_primary","strength;intelligence;dexterity","T3","8","11","flat"
"32","15.37","11.82","1.300029","vitality_primary","vitality","T1","5","6","flat"
"32","15.37","11.82","1.300029","vitality_primary","vitality","T2","7","9","flat"
"32","15.37","11.82","1.300029","vitality_primary","vitality","T3","10","13","flat"
"32","21.62","15.4","1.403737","damage_primary","melee_damage;spell_damage;ranged_damage","T1","13","17","flat"
"32","21.62","15.4","1.403737","damage_primary","melee_damage;spell_damage;ranged_damage","T2","19","25","flat"
"32","21.62","15.4","1.403737","damage_primary","melee_damage;spell_damage;ranged_damage","T3","26","32","flat"
"32","19.28","14.16","1.361327","resistance_primary","armor;spell_shield;missile_resistance","T1","11","14","flat"
"32","19.28","14.16","1.361327","resistance_primary","armor;spell_shield;missile_resistance","T2","15","19","flat"
"32","19.28","14.16","1.361327","resistance_primary","armor;spell_shield;missile_resistance","T3","21","26","flat"
"32","19.28","14.16","1.361327","max_hitpoints_primary","max_hitpoints","T1","23","31","flat"
"32","19.28","14.16","1.361327","max_hitpoints_primary","max_hitpoints","T2","37","46","flat"
"32","19.28","14.16","1.361327","max_hitpoints_primary","max_hitpoints","T3","50","62","flat"
"32","47.86","41","1.167207","crit_chance","crit_chance","T1","86","105","basis_points"
"32","47.86","41","1.167207","crit_chance","crit_chance","T2","115","134","basis_points"
"32","47.86","41","1.167207","crit_chance","crit_chance","T3","144","167","basis_points"
"32","47.86","41","1.167207","crit_damage","crit_damage","T1","124","163","basis_points"
"32","47.86","41","1.167207","crit_damage","crit_damage","T2","177","230","basis_points"
"32","47.86","41","1.167207","crit_damage","crit_damage","T3","239","297","basis_points"
"32","47.86","41","1.167207","double_attack_chance","double_attack_chance;extra_attack_chance","T1","57","77","basis_points"
"32","47.86","41","1.167207","double_attack_chance","double_attack_chance;extra_attack_chance","T2","81","105","basis_points"
"32","47.86","41","1.167207","double_attack_chance","double_attack_chance;extra_attack_chance","T3","110","144","basis_points"
"32","47.86","41","1.167207","threat_bps","threat","T1","86","105","basis_points"
"32","47.86","41","1.167207","threat_bps","threat","T2","115","134","basis_points"
"32","47.86","41","1.167207","threat_bps","threat","T3","144","167","basis_points"
"33","15.79","12.04","1.311079","attr_primary","strength;intelligence;dexterity","T1","4","6","flat"
"33","15.79","12.04","1.311079","attr_primary","strength;intelligence;dexterity","T2","6","8","flat"
"33","15.79","12.04","1.311079","attr_primary","strength;intelligence;dexterity","T3","9","11","flat"
"33","15.79","12.04","1.311079","vitality_primary","vitality","T1","5","6","flat"
"33","15.79","12.04","1.311079","vitality_primary","vitality","T2","7","9","flat"
"33","15.79","12.04","1.311079","vitality_primary","vitality","T3","10","13","flat"
"33","22.42","15.8","1.419178","damage_primary","melee_damage;spell_damage;ranged_damage","T1","13","18","flat"
"33","22.42","15.8","1.419178","damage_primary","melee_damage;spell_damage;ranged_damage","T2","20","26","flat"
"33","22.42","15.8","1.419178","damage_primary","melee_damage;spell_damage;ranged_damage","T3","27","34","flat"
"33","19.96","14.52","1.374941","resistance_primary","armor;spell_shield;missile_resistance","T1","11","15","flat"
"33","19.96","14.52","1.374941","resistance_primary","armor;spell_shield;missile_resistance","T2","16","20","flat"
"33","19.96","14.52","1.374941","resistance_primary","armor;spell_shield;missile_resistance","T3","22","27","flat"
"33","19.96","14.52","1.374941","max_hitpoints_primary","max_hitpoints","T1","24","32","flat"
"33","19.96","14.52","1.374941","max_hitpoints_primary","max_hitpoints","T2","38","48","flat"
"33","19.96","14.52","1.374941","max_hitpoints_primary","max_hitpoints","T3","52","64","flat"
"33","49.27","42","1.173043","crit_chance","crit_chance","T1","89","108","basis_points"
"33","49.27","42","1.173043","crit_chance","crit_chance","T2","118","138","basis_points"
"33","49.27","42","1.173043","crit_chance","crit_chance","T3","148","172","basis_points"
"33","49.27","42","1.173043","crit_damage","crit_damage","T1","128","168","basis_points"
"33","49.27","42","1.173043","crit_damage","crit_damage","T2","182","236","basis_points"
"33","49.27","42","1.173043","crit_damage","crit_damage","T3","246","305","basis_points"
"33","49.27","42","1.173043","double_attack_chance","double_attack_chance;extra_attack_chance","T1","59","79","basis_points"
"33","49.27","42","1.173043","double_attack_chance","double_attack_chance;extra_attack_chance","T2","84","108","basis_points"
"33","49.27","42","1.173043","double_attack_chance","double_attack_chance;extra_attack_chance","T3","113","148","basis_points"
"33","49.27","42","1.173043","threat_bps","threat","T1","89","108","basis_points"
"33","49.27","42","1.173043","threat_bps","threat","T2","118","138","basis_points"
"33","49.27","42","1.173043","threat_bps","threat","T3","148","172","basis_points"
"34","16.21","12.26","1.322223","attr_primary","strength;intelligence;dexterity","T1","4","6","flat"
"34","16.21","12.26","1.322223","attr_primary","strength;intelligence;dexterity","T2","6","8","flat"
"34","16.21","12.26","1.322223","attr_primary","strength;intelligence;dexterity","T3","9","12","flat"
"34","16.21","12.26","1.322223","vitality_primary","vitality","T1","5","6","flat"
"34","16.21","12.26","1.322223","vitality_primary","vitality","T2","7","9","flat"
"34","16.21","12.26","1.322223","vitality_primary","vitality","T3","11","13","flat"
"34","23.24","16.2","1.434789","damage_primary","melee_damage;spell_damage;ranged_damage","T1","14","19","flat"
"34","23.24","16.2","1.434789","damage_primary","melee_damage;spell_damage;ranged_damage","T2","21","27","flat"
"34","23.24","16.2","1.434789","damage_primary","melee_damage;spell_damage;ranged_damage","T3","28","35","flat"
"34","20.66","14.88","1.38869","resistance_primary","armor;spell_shield;missile_resistance","T1","11","15","flat"
"34","20.66","14.88","1.38869","resistance_primary","armor;spell_shield;missile_resistance","T2","17","21","flat"
"34","20.66","14.88","1.38869","resistance_primary","armor;spell_shield;missile_resistance","T3","23","28","flat"
"34","20.66","14.88","1.38869","max_hitpoints_primary","max_hitpoints","T1","25","33","flat"
"34","20.66","14.88","1.38869","max_hitpoints_primary","max_hitpoints","T2","39","50","flat"
"34","20.66","14.88","1.38869","max_hitpoints_primary","max_hitpoints","T3","54","66","flat"
"34","50.69","43","1.178908","crit_chance","crit_chance","T1","91","112","basis_points"
"34","50.69","43","1.178908","crit_chance","crit_chance","T2","122","142","basis_points"
"34","50.69","43","1.178908","crit_chance","crit_chance","T3","152","177","basis_points"
"34","50.69","43","1.178908","crit_damage","crit_damage","T1","132","172","basis_points"
"34","50.69","43","1.178908","crit_damage","crit_damage","T2","188","243","basis_points"
"34","50.69","43","1.178908","crit_damage","crit_damage","T3","253","314","basis_points"
"34","50.69","43","1.178908","double_attack_chance","double_attack_chance;extra_attack_chance","T1","61","81","basis_points"
"34","50.69","43","1.178908","double_attack_chance","double_attack_chance;extra_attack_chance","T2","86","112","basis_points"
"34","50.69","43","1.178908","double_attack_chance","double_attack_chance;extra_attack_chance","T3","117","152","basis_points"
"34","50.69","43","1.178908","threat_bps","threat","T1","91","112","basis_points"
"34","50.69","43","1.178908","threat_bps","threat","T2","122","142","basis_points"
"34","50.69","43","1.178908","threat_bps","threat","T3","152","177","basis_points"
"35","16.64","12.48","1.333462","attr_primary","strength;intelligence;dexterity","T1","4","6","flat"
"35","16.64","12.48","1.333462","attr_primary","strength;intelligence;dexterity","T2","6","8","flat"
"35","16.64","12.48","1.333462","attr_primary","strength;intelligence;dexterity","T3","9","12","flat"
"35","16.64","12.48","1.333462","vitality_primary","vitality","T1","5","7","flat"
"35","16.64","12.48","1.333462","vitality_primary","vitality","T2","7","10","flat"
"35","16.64","12.48","1.333462","vitality_primary","vitality","T3","11","14","flat"
"35","24.08","16.6","1.450572","damage_primary","melee_damage;spell_damage;ranged_damage","T1","14","19","flat"
"35","24.08","16.6","1.450572","damage_primary","melee_damage;spell_damage;ranged_damage","T2","22","28","flat"
"35","24.08","16.6","1.450572","damage_primary","melee_damage;spell_damage;ranged_damage","T3","29","36","flat"
"35","21.38","15.24","1.402577","resistance_primary","armor;spell_shield;missile_resistance","T1","12","16","flat"
"35","21.38","15.24","1.402577","resistance_primary","armor;spell_shield;missile_resistance","T2","17","21","flat"
"35","21.38","15.24","1.402577","resistance_primary","armor;spell_shield;missile_resistance","T3","24","29","flat"
"35","21.38","15.24","1.402577","max_hitpoints_primary","max_hitpoints","T1","26","34","flat"
"35","21.38","15.24","1.402577","max_hitpoints_primary","max_hitpoints","T2","41","51","flat"
"35","21.38","15.24","1.402577","max_hitpoints_primary","max_hitpoints","T3","56","68","flat"
"35","52.13","44","1.184803","crit_chance","crit_chance","T1","94","115","basis_points"
"35","52.13","44","1.184803","crit_chance","crit_chance","T2","125","146","basis_points"
"35","52.13","44","1.184803","crit_chance","crit_chance","T3","156","182","basis_points"
"35","52.13","44","1.184803","crit_damage","crit_damage","T1","136","177","basis_points"
"35","52.13","44","1.184803","crit_damage","crit_damage","T2","193","250","basis_points"
"35","52.13","44","1.184803","crit_damage","crit_damage","T3","261","323","basis_points"
"35","52.13","44","1.184803","double_attack_chance","double_attack_chance;extra_attack_chance","T1","63","83","basis_points"
"35","52.13","44","1.184803","double_attack_chance","double_attack_chance;extra_attack_chance","T2","89","115","basis_points"
"35","52.13","44","1.184803","double_attack_chance","double_attack_chance;extra_attack_chance","T3","120","156","basis_points"
"35","52.13","44","1.184803","threat_bps","threat","T1","94","115","basis_points"
"35","52.13","44","1.184803","threat_bps","threat","T2","125","146","basis_points"
"35","52.13","44","1.184803","threat_bps","threat","T3","156","182","basis_points"
"36","17.08","12.7","1.344797","attr_primary","strength;intelligence;dexterity","T1","4","6","flat"
"36","17.08","12.7","1.344797","attr_primary","strength;intelligence;dexterity","T2","6","9","flat"
"36","17.08","12.7","1.344797","attr_primary","strength;intelligence;dexterity","T3","9","12","flat"
"36","17.08","12.7","1.344797","vitality_primary","vitality","T1","5","7","flat"
"36","17.08","12.7","1.344797","vitality_primary","vitality","T2","8","10","flat"
"36","17.08","12.7","1.344797","vitality_primary","vitality","T3","11","14","flat"
"36","24.93","17","1.466528","damage_primary","melee_damage;spell_damage;ranged_damage","T1","15","20","flat"
"36","24.93","17","1.466528","damage_primary","melee_damage;spell_damage;ranged_damage","T2","22","29","flat"
"36","24.93","17","1.466528","damage_primary","melee_damage;spell_damage;ranged_damage","T3","30","37","flat"
"36","22.1","15.6","1.416603","resistance_primary","armor;spell_shield;missile_resistance","T1","12","17","flat"
"36","22.1","15.6","1.416603","resistance_primary","armor;spell_shield;missile_resistance","T2","18","22","flat"
"36","22.1","15.6","1.416603","resistance_primary","armor;spell_shield;missile_resistance","T3","24","30","flat"
"36","22.1","15.6","1.416603","max_hitpoints_primary","max_hitpoints","T1","27","35","flat"
"36","22.1","15.6","1.416603","max_hitpoints_primary","max_hitpoints","T2","42","53","flat"
"36","22.1","15.6","1.416603","max_hitpoints_primary","max_hitpoints","T3","57","71","flat"
"36","53.58","45","1.190727","crit_chance","crit_chance","T1","96","118","basis_points"
"36","53.58","45","1.190727","crit_chance","crit_chance","T2","129","150","basis_points"
"36","53.58","45","1.190727","crit_chance","crit_chance","T3","161","188","basis_points"
"36","53.58","45","1.190727","crit_damage","crit_damage","T1","139","182","basis_points"
"36","53.58","45","1.190727","crit_damage","crit_damage","T2","198","257","basis_points"
"36","53.58","45","1.190727","crit_damage","crit_damage","T3","268","332","basis_points"
"36","53.58","45","1.190727","double_attack_chance","double_attack_chance;extra_attack_chance","T1","64","86","basis_points"
"36","53.58","45","1.190727","double_attack_chance","double_attack_chance;extra_attack_chance","T2","91","118","basis_points"
"36","53.58","45","1.190727","double_attack_chance","double_attack_chance;extra_attack_chance","T3","123","161","basis_points"
"36","53.58","45","1.190727","threat_bps","threat","T1","96","118","basis_points"
"36","53.58","45","1.190727","threat_bps","threat","T2","129","150","basis_points"
"36","53.58","45","1.190727","threat_bps","threat","T3","161","188","basis_points"
"37","17.52","12.92","1.356227","attr_primary","strength;intelligence;dexterity","T1","4","6","flat"
"37","17.52","12.92","1.356227","attr_primary","strength;intelligence;dexterity","T2","7","9","flat"
"37","17.52","12.92","1.356227","attr_primary","strength;intelligence;dexterity","T3","10","13","flat"
"37","17.52","12.92","1.356227","vitality_primary","vitality","T1","5","7","flat"
"37","17.52","12.92","1.356227","vitality_primary","vitality","T2","8","10","flat"
"37","17.52","12.92","1.356227","vitality_primary","vitality","T3","11","14","flat"
"37","25.8","17.4","1.48266","damage_primary","melee_damage;spell_damage;ranged_damage","T1","15","21","flat"
"37","25.8","17.4","1.48266","damage_primary","melee_damage;spell_damage;ranged_damage","T2","23","30","flat"
"37","25.8","17.4","1.48266","damage_primary","melee_damage;spell_damage;ranged_damage","T3","31","39","flat"
"37","22.84","15.96","1.430769","resistance_primary","armor;spell_shield;missile_resistance","T1","13","17","flat"
"37","22.84","15.96","1.430769","resistance_primary","armor;spell_shield;missile_resistance","T2","18","23","flat"
"37","22.84","15.96","1.430769","resistance_primary","armor;spell_shield;missile_resistance","T3","25","31","flat"
"37","22.84","15.96","1.430769","max_hitpoints_primary","max_hitpoints","T1","27","37","flat"
"37","22.84","15.96","1.430769","max_hitpoints_primary","max_hitpoints","T2","43","55","flat"
"37","22.84","15.96","1.430769","max_hitpoints_primary","max_hitpoints","T3","59","73","flat"
"37","55.05","46","1.196681","crit_chance","crit_chance","T1","99","121","basis_points"
"37","55.05","46","1.196681","crit_chance","crit_chance","T2","132","154","basis_points"
"37","55.05","46","1.196681","crit_chance","crit_chance","T3","165","193","basis_points"
"37","55.05","46","1.196681","crit_damage","crit_damage","T1","143","187","basis_points"
"37","55.05","46","1.196681","crit_damage","crit_damage","T2","204","264","basis_points"
"37","55.05","46","1.196681","crit_damage","crit_damage","T3","275","341","basis_points"
"37","55.05","46","1.196681","double_attack_chance","double_attack_chance;extra_attack_chance","T1","66","88","basis_points"
"37","55.05","46","1.196681","double_attack_chance","double_attack_chance;extra_attack_chance","T2","94","121","basis_points"
"37","55.05","46","1.196681","double_attack_chance","double_attack_chance;extra_attack_chance","T3","127","165","basis_points"
"37","55.05","46","1.196681","threat_bps","threat","T1","99","121","basis_points"
"37","55.05","46","1.196681","threat_bps","threat","T2","132","154","basis_points"
"37","55.05","46","1.196681","threat_bps","threat","T3","165","193","basis_points"
"38","17.97","13.14","1.367755","attr_primary","strength;intelligence;dexterity","T1","4","6","flat"
"38","17.97","13.14","1.367755","attr_primary","strength;intelligence;dexterity","T2","7","9","flat"
"38","17.97","13.14","1.367755","attr_primary","strength;intelligence;dexterity","T3","10","13","flat"
"38","17.97","13.14","1.367755","vitality_primary","vitality","T1","5","7","flat"
"38","17.97","13.14","1.367755","vitality_primary","vitality","T2","8","10","flat"
"38","17.97","13.14","1.367755","vitality_primary","vitality","T3","12","15","flat"
"38","26.68","17.8","1.498969","damage_primary","melee_damage;spell_damage;ranged_damage","T1","16","21","flat"
"38","26.68","17.8","1.498969","damage_primary","melee_damage;spell_damage;ranged_damage","T2","24","31","flat"
"38","26.68","17.8","1.498969","damage_primary","melee_damage;spell_damage;ranged_damage","T3","32","40","flat"
"38","23.58","16.32","1.445076","resistance_primary","armor;spell_shield;missile_resistance","T1","13","18","flat"
"38","23.58","16.32","1.445076","resistance_primary","armor;spell_shield;missile_resistance","T2","19","24","flat"
"38","23.58","16.32","1.445076","resistance_primary","armor;spell_shield;missile_resistance","T3","26","32","flat"
"38","23.58","16.32","1.445076","max_hitpoints_primary","max_hitpoints","T1","28","38","flat"
"38","23.58","16.32","1.445076","max_hitpoints_primary","max_hitpoints","T2","45","57","flat"
"38","23.58","16.32","1.445076","max_hitpoints_primary","max_hitpoints","T3","61","75","flat"
"38","56.53","47","1.202664","crit_chance","crit_chance","T1","102","124","basis_points"
"38","56.53","47","1.202664","crit_chance","crit_chance","T2","136","158","basis_points"
"38","56.53","47","1.202664","crit_chance","crit_chance","T3","170","198","basis_points"
"38","56.53","47","1.202664","crit_damage","crit_damage","T1","147","192","basis_points"
"38","56.53","47","1.202664","crit_damage","crit_damage","T2","209","271","basis_points"
"38","56.53","47","1.202664","crit_damage","crit_damage","T3","283","350","basis_points"
"38","56.53","47","1.202664","double_attack_chance","double_attack_chance;extra_attack_chance","T1","68","90","basis_points"
"38","56.53","47","1.202664","double_attack_chance","double_attack_chance;extra_attack_chance","T2","96","124","basis_points"
"38","56.53","47","1.202664","double_attack_chance","double_attack_chance;extra_attack_chance","T3","130","170","basis_points"
"38","56.53","47","1.202664","threat_bps","threat","T1","102","124","basis_points"
"38","56.53","47","1.202664","threat_bps","threat","T2","136","158","basis_points"
"38","56.53","47","1.202664","threat_bps","threat","T3","170","198","basis_points"
"39","18.43","13.36","1.379381","attr_primary","strength;intelligence;dexterity","T1","5","6","flat"
"39","18.43","13.36","1.379381","attr_primary","strength;intelligence;dexterity","T2","7","9","flat"
"39","18.43","13.36","1.379381","attr_primary","strength;intelligence;dexterity","T3","10","13","flat"
"39","18.43","13.36","1.379381","vitality_primary","vitality","T1","6","7","flat"
"39","18.43","13.36","1.379381","vitality_primary","vitality","T2","8","11","flat"
"39","18.43","13.36","1.379381","vitality_primary","vitality","T3","12","15","flat"
"39","27.58","18.2","1.515458","damage_primary","melee_damage;spell_damage;ranged_damage","T1","17","22","flat"
"39","27.58","18.2","1.515458","damage_primary","melee_damage;spell_damage;ranged_damage","T2","25","32","flat"
"39","27.58","18.2","1.515458","damage_primary","melee_damage;spell_damage;ranged_damage","T3","33","41","flat"
"39","24.34","16.68","1.459527","resistance_primary","armor;spell_shield;missile_resistance","T1","13","18","flat"
"39","24.34","16.68","1.459527","resistance_primary","armor;spell_shield;missile_resistance","T2","19","24","flat"
"39","24.34","16.68","1.459527","resistance_primary","armor;spell_shield;missile_resistance","T3","27","33","flat"
"39","24.34","16.68","1.459527","max_hitpoints_primary","max_hitpoints","T1","29","39","flat"
"39","24.34","16.68","1.459527","max_hitpoints_primary","max_hitpoints","T2","46","58","flat"
"39","24.34","16.68","1.459527","max_hitpoints_primary","max_hitpoints","T3","63","78","flat"
"39","58.02","48","1.208677","crit_chance","crit_chance","T1","104","128","basis_points"
"39","58.02","48","1.208677","crit_chance","crit_chance","T2","139","162","basis_points"
"39","58.02","48","1.208677","crit_chance","crit_chance","T3","174","203","basis_points"
"39","58.02","48","1.208677","crit_damage","crit_damage","T1","151","197","basis_points"
"39","58.02","48","1.208677","crit_damage","crit_damage","T2","215","278","basis_points"
"39","58.02","48","1.208677","crit_damage","crit_damage","T3","290","360","basis_points"
"39","58.02","48","1.208677","double_attack_chance","double_attack_chance;extra_attack_chance","T1","70","93","basis_points"
"39","58.02","48","1.208677","double_attack_chance","double_attack_chance;extra_attack_chance","T2","99","128","basis_points"
"39","58.02","48","1.208677","double_attack_chance","double_attack_chance;extra_attack_chance","T3","133","174","basis_points"
"39","58.02","48","1.208677","threat_bps","threat","T1","104","128","basis_points"
"39","58.02","48","1.208677","threat_bps","threat","T2","139","162","basis_points"
"39","58.02","48","1.208677","threat_bps","threat","T3","174","203","basis_points"
"40","18.89","13.58","1.391106","attr_primary","strength;intelligence;dexterity","T1","5","7","flat"
"40","18.89","13.58","1.391106","attr_primary","strength;intelligence;dexterity","T2","7","9","flat"
"40","18.89","13.58","1.391106","attr_primary","strength;intelligence;dexterity","T3","10","14","flat"
"40","18.89","13.58","1.391106","vitality_primary","vitality","T1","6","8","flat"
"40","18.89","13.58","1.391106","vitality_primary","vitality","T2","9","11","flat"
"40","18.89","13.58","1.391106","vitality_primary","vitality","T3","12","15","flat"
"40","28.5","18.6","1.532128","damage_primary","melee_damage;spell_damage;ranged_damage","T1","17","23","flat"
"40","28.5","18.6","1.532128","damage_primary","melee_damage;spell_damage;ranged_damage","T2","26","33","flat"
"40","28.5","18.6","1.532128","damage_primary","melee_damage;spell_damage;ranged_damage","T3","34","43","flat"
"40","25.12","17.04","1.474123","resistance_primary","armor;spell_shield;missile_resistance","T1","14","19","flat"
"40","25.12","17.04","1.474123","resistance_primary","armor;spell_shield;missile_resistance","T2","20","25","flat"
"40","25.12","17.04","1.474123","resistance_primary","armor;spell_shield;missile_resistance","T3","28","34","flat"
"40","25.12","17.04","1.474123","max_hitpoints_primary","max_hitpoints","T1","30","40","flat"
"40","25.12","17.04","1.474123","max_hitpoints_primary","max_hitpoints","T2","48","60","flat"
"40","25.12","17.04","1.474123","max_hitpoints_primary","max_hitpoints","T3","65","80","flat"
"40","59.52","49","1.214721","crit_chance","crit_chance","T1","107","131","basis_points"
"40","59.52","49","1.214721","crit_chance","crit_chance","T2","143","167","basis_points"
"40","59.52","49","1.214721","crit_chance","crit_chance","T3","179","208","basis_points"
"40","59.52","49","1.214721","crit_damage","crit_damage","T1","155","202","basis_points"
"40","59.52","49","1.214721","crit_damage","crit_damage","T2","220","286","basis_points"
"40","59.52","49","1.214721","crit_damage","crit_damage","T3","298","369","basis_points"
"40","59.52","49","1.214721","double_attack_chance","double_attack_chance;extra_attack_chance","T1","71","95","basis_points"
"40","59.52","49","1.214721","double_attack_chance","double_attack_chance;extra_attack_chance","T2","101","131","basis_points"
"40","59.52","49","1.214721","double_attack_chance","double_attack_chance;extra_attack_chance","T3","137","179","basis_points"
"40","59.52","49","1.214721","threat_bps","threat","T1","107","131","basis_points"
"40","59.52","49","1.214721","threat_bps","threat","T2","143","167","basis_points"
"40","59.52","49","1.214721","threat_bps","threat","T3","179","208","basis_points"
"41","19.36","13.8","1.40293","attr_primary","strength;intelligence;dexterity","T1","5","7","flat"
"41","19.36","13.8","1.40293","attr_primary","strength;intelligence;dexterity","T2","7","10","flat"
"41","19.36","13.8","1.40293","attr_primary","strength;intelligence;dexterity","T3","11","14","flat"
"41","19.36","13.8","1.40293","vitality_primary","vitality","T1","6","8","flat"
"41","19.36","13.8","1.40293","vitality_primary","vitality","T2","9","11","flat"
"41","19.36","13.8","1.40293","vitality_primary","vitality","T3","13","16","flat"
"41","29.43","19","1.548981","damage_primary","melee_damage;spell_damage;ranged_damage","T1","18","24","flat"
"41","29.43","19","1.548981","damage_primary","melee_damage;spell_damage;ranged_damage","T2","26","34","flat"
"41","29.43","19","1.548981","damage_primary","melee_damage;spell_damage;ranged_damage","T3","35","44","flat"
"41","25.91","17.4","1.488864","resistance_primary","armor;spell_shield;missile_resistance","T1","14","19","flat"
"41","25.91","17.4","1.488864","resistance_primary","armor;spell_shield;missile_resistance","T2","21","26","flat"
"41","25.91","17.4","1.488864","resistance_primary","armor;spell_shield;missile_resistance","T3","28","35","flat"
"41","25.91","17.4","1.488864","max_hitpoints_primary","max_hitpoints","T1","31","41","flat"
"41","25.91","17.4","1.488864","max_hitpoints_primary","max_hitpoints","T2","49","62","flat"
"41","25.91","17.4","1.488864","max_hitpoints_primary","max_hitpoints","T3","67","83","flat"
"41","61.04","50","1.220794","crit_chance","crit_chance","T1","110","134","basis_points"
"41","61.04","50","1.220794","crit_chance","crit_chance","T2","146","171","basis_points"
"41","61.04","50","1.220794","crit_chance","crit_chance","T3","183","214","basis_points"
"41","61.04","50","1.220794","crit_damage","crit_damage","T1","159","208","basis_points"
"41","61.04","50","1.220794","crit_damage","crit_damage","T2","226","293","basis_points"
"41","61.04","50","1.220794","crit_damage","crit_damage","T3","305","378","basis_points"
"41","61.04","50","1.220794","double_attack_chance","double_attack_chance;extra_attack_chance","T1","73","98","basis_points"
"41","61.04","50","1.220794","double_attack_chance","double_attack_chance;extra_attack_chance","T2","104","134","basis_points"
"41","61.04","50","1.220794","double_attack_chance","double_attack_chance;extra_attack_chance","T3","140","183","basis_points"
"41","61.04","50","1.220794","threat_bps","threat","T1","110","134","basis_points"
"41","61.04","50","1.220794","threat_bps","threat","T2","146","171","basis_points"
"41","61.04","50","1.220794","threat_bps","threat","T3","183","214","basis_points"
"42","19.84","14.02","1.414855","attr_primary","strength;intelligence;dexterity","T1","5","7","flat"
"42","19.84","14.02","1.414855","attr_primary","strength;intelligence;dexterity","T2","8","10","flat"
"42","19.84","14.02","1.414855","attr_primary","strength;intelligence;dexterity","T3","11","14","flat"
"42","19.84","14.02","1.414855","vitality_primary","vitality","T1","6","8","flat"
"42","19.84","14.02","1.414855","vitality_primary","vitality","T2","9","12","flat"
"42","19.84","14.02","1.414855","vitality_primary","vitality","T3","13","16","flat"
"42","30.38","19.4","1.56602","damage_primary","melee_damage;spell_damage;ranged_damage","T1","18","24","flat"
"42","30.38","19.4","1.56602","damage_primary","melee_damage;spell_damage;ranged_damage","T2","27","35","flat"
"42","30.38","19.4","1.56602","damage_primary","melee_damage;spell_damage;ranged_damage","T3","36","46","flat"
"42","26.71","17.76","1.503752","resistance_primary","armor;spell_shield;missile_resistance","T1","15","20","flat"
"42","26.71","17.76","1.503752","resistance_primary","armor;spell_shield;missile_resistance","T2","21","27","flat"
"42","26.71","17.76","1.503752","resistance_primary","armor;spell_shield;missile_resistance","T3","29","36","flat"
"42","26.71","17.76","1.503752","max_hitpoints_primary","max_hitpoints","T1","32","43","flat"
"42","26.71","17.76","1.503752","max_hitpoints_primary","max_hitpoints","T2","51","64","flat"
"42","26.71","17.76","1.503752","max_hitpoints_primary","max_hitpoints","T3","69","85","flat"
"42","62.57","51","1.226898","crit_chance","crit_chance","T1","113","138","basis_points"
"42","62.57","51","1.226898","crit_chance","crit_chance","T2","150","175","basis_points"
"42","62.57","51","1.226898","crit_chance","crit_chance","T3","188","219","basis_points"
"42","62.57","51","1.226898","crit_damage","crit_damage","T1","163","213","basis_points"
"42","62.57","51","1.226898","crit_damage","crit_damage","T2","232","300","basis_points"
"42","62.57","51","1.226898","crit_damage","crit_damage","T3","313","388","basis_points"
"42","62.57","51","1.226898","double_attack_chance","double_attack_chance;extra_attack_chance","T1","75","100","basis_points"
"42","62.57","51","1.226898","double_attack_chance","double_attack_chance;extra_attack_chance","T2","106","138","basis_points"
"42","62.57","51","1.226898","double_attack_chance","double_attack_chance;extra_attack_chance","T3","144","188","basis_points"
"42","62.57","51","1.226898","threat_bps","threat","T1","113","138","basis_points"
"42","62.57","51","1.226898","threat_bps","threat","T2","150","175","basis_points"
"42","62.57","51","1.226898","threat_bps","threat","T3","188","219","basis_points"
"43","20.32","14.24","1.426881","attr_primary","strength;intelligence;dexterity","T1","5","7","flat"
"43","20.32","14.24","1.426881","attr_primary","strength;intelligence;dexterity","T2","8","10","flat"
"43","20.32","14.24","1.426881","attr_primary","strength;intelligence;dexterity","T3","11","15","flat"
"43","20.32","14.24","1.426881","vitality_primary","vitality","T1","6","8","flat"
"43","20.32","14.24","1.426881","vitality_primary","vitality","T2","9","12","flat"
"43","20.32","14.24","1.426881","vitality_primary","vitality","T3","13","17","flat"
"43","31.35","19.8","1.583246","damage_primary","melee_damage;spell_damage;ranged_damage","T1","19","25","flat"
"43","31.35","19.8","1.583246","damage_primary","melee_damage;spell_damage;ranged_damage","T2","28","36","flat"
"43","31.35","19.8","1.583246","damage_primary","melee_damage;spell_damage;ranged_damage","T3","38","47","flat"
"43","27.52","18.12","1.51879","resistance_primary","armor;spell_shield;missile_resistance","T1","15","21","flat"
"43","27.52","18.12","1.51879","resistance_primary","armor;spell_shield;missile_resistance","T2","22","28","flat"
"43","27.52","18.12","1.51879","resistance_primary","armor;spell_shield;missile_resistance","T3","30","37","flat"
"43","27.52","18.12","1.51879","max_hitpoints_primary","max_hitpoints","T1","33","44","flat"
"43","27.52","18.12","1.51879","max_hitpoints_primary","max_hitpoints","T2","52","66","flat"
"43","27.52","18.12","1.51879","max_hitpoints_primary","max_hitpoints","T3","72","88","flat"
"43","64.12","52","1.233033","crit_chance","crit_chance","T1","115","141","basis_points"
"43","64.12","52","1.233033","crit_chance","crit_chance","T2","154","180","basis_points"
"43","64.12","52","1.233033","crit_chance","crit_chance","T3","192","224","basis_points"
"43","64.12","52","1.233033","crit_damage","crit_damage","T1","167","218","basis_points"
"43","64.12","52","1.233033","crit_damage","crit_damage","T2","237","308","basis_points"
"43","64.12","52","1.233033","crit_damage","crit_damage","T3","321","398","basis_points"
"43","64.12","52","1.233033","double_attack_chance","double_attack_chance;extra_attack_chance","T1","77","103","basis_points"
"43","64.12","52","1.233033","double_attack_chance","double_attack_chance;extra_attack_chance","T2","109","141","basis_points"
"43","64.12","52","1.233033","double_attack_chance","double_attack_chance;extra_attack_chance","T3","147","192","basis_points"
"43","64.12","52","1.233033","threat_bps","threat","T1","115","141","basis_points"
"43","64.12","52","1.233033","threat_bps","threat","T2","154","180","basis_points"
"43","64.12","52","1.233033","threat_bps","threat","T3","192","224","basis_points"
"44","20.81","14.46","1.43901","attr_primary","strength;intelligence;dexterity","T1","5","7","flat"
"44","20.81","14.46","1.43901","attr_primary","strength;intelligence;dexterity","T2","8","10","flat"
"44","20.81","14.46","1.43901","attr_primary","strength;intelligence;dexterity","T3","11","15","flat"
"44","20.81","14.46","1.43901","vitality_primary","vitality","T1","6","8","flat"
"44","20.81","14.46","1.43901","vitality_primary","vitality","T2","9","12","flat"
"44","20.81","14.46","1.43901","vitality_primary","vitality","T3","14","17","flat"
"44","32.33","20.2","1.600662","damage_primary","melee_damage;spell_damage;ranged_damage","T1","19","26","flat"
"44","32.33","20.2","1.600662","damage_primary","melee_damage;spell_damage;ranged_damage","T2","29","37","flat"
"44","32.33","20.2","1.600662","damage_primary","melee_damage;spell_damage;ranged_damage","T3","39","49","flat"
"44","28.35","18.48","1.533978","resistance_primary","armor;spell_shield;missile_resistance","T1","16","21","flat"
"44","28.35","18.48","1.533978","resistance_primary","armor;spell_shield;missile_resistance","T2","23","28","flat"
"44","28.35","18.48","1.533978","resistance_primary","armor;spell_shield;missile_resistance","T3","31","38","flat"
"44","28.35","18.48","1.533978","max_hitpoints_primary","max_hitpoints","T1","34","45","flat"
"44","28.35","18.48","1.533978","max_hitpoints_primary","max_hitpoints","T2","54","68","flat"
"44","28.35","18.48","1.533978","max_hitpoints_primary","max_hitpoints","T3","74","91","flat"
"44","65.68","53","1.239198","crit_chance","crit_chance","T1","118","144","basis_points"
"44","65.68","53","1.239198","crit_chance","crit_chance","T2","158","184","basis_points"
"44","65.68","53","1.239198","crit_chance","crit_chance","T3","197","230","basis_points"
"44","65.68","53","1.239198","crit_damage","crit_damage","T1","171","223","basis_points"
"44","65.68","53","1.239198","crit_damage","crit_damage","T2","243","315","basis_points"
"44","65.68","53","1.239198","crit_damage","crit_damage","T3","328","407","basis_points"
"44","65.68","53","1.239198","double_attack_chance","double_attack_chance;extra_attack_chance","T1","79","105","basis_points"
"44","65.68","53","1.239198","double_attack_chance","double_attack_chance;extra_attack_chance","T2","112","144","basis_points"
"44","65.68","53","1.239198","double_attack_chance","double_attack_chance;extra_attack_chance","T3","151","197","basis_points"
"44","65.68","53","1.239198","threat_bps","threat","T1","118","144","basis_points"
"44","65.68","53","1.239198","threat_bps","threat","T2","158","184","basis_points"
"44","65.68","53","1.239198","threat_bps","threat","T3","197","230","basis_points"
"45","21.3","14.68","1.451242","attr_primary","strength;intelligence;dexterity","T1","5","7","flat"
"45","21.3","14.68","1.451242","attr_primary","strength;intelligence;dexterity","T2","8","11","flat"
"45","21.3","14.68","1.451242","attr_primary","strength;intelligence;dexterity","T3","12","15","flat"
"45","21.3","14.68","1.451242","vitality_primary","vitality","T1","6","9","flat"
"45","21.3","14.68","1.451242","vitality_primary","vitality","T2","10","12","flat"
"45","21.3","14.68","1.451242","vitality_primary","vitality","T3","14","17","flat"
"45","33.34","20.6","1.618269","damage_primary","melee_damage;spell_damage;ranged_damage","T1","20","27","flat"
"45","33.34","20.6","1.618269","damage_primary","melee_damage;spell_damage;ranged_damage","T2","30","38","flat"
"45","33.34","20.6","1.618269","damage_primary","melee_damage;spell_damage;ranged_damage","T3","40","50","flat"
"45","29.19","18.84","1.549318","resistance_primary","armor;spell_shield;missile_resistance","T1","16","22","flat"
"45","29.19","18.84","1.549318","resistance_primary","armor;spell_shield;missile_resistance","T2","23","29","flat"
"45","29.19","18.84","1.549318","resistance_primary","armor;spell_shield;missile_resistance","T3","32","39","flat"
"45","29.19","18.84","1.549318","max_hitpoints_primary","max_hitpoints","T1","35","47","flat"
"45","29.19","18.84","1.549318","max_hitpoints_primary","max_hitpoints","T2","55","70","flat"
"45","29.19","18.84","1.549318","max_hitpoints_primary","max_hitpoints","T3","76","93","flat"
"45","67.25","54","1.245394","crit_chance","crit_chance","T1","121","148","basis_points"
"45","67.25","54","1.245394","crit_chance","crit_chance","T2","161","188","basis_points"
"45","67.25","54","1.245394","crit_chance","crit_chance","T3","202","235","basis_points"
"45","67.25","54","1.245394","crit_damage","crit_damage","T1","175","229","basis_points"
"45","67.25","54","1.245394","crit_damage","crit_damage","T2","249","323","basis_points"
"45","67.25","54","1.245394","crit_damage","crit_damage","T3","336","417","basis_points"
"45","67.25","54","1.245394","double_attack_chance","double_attack_chance;extra_attack_chance","T1","81","108","basis_points"
"45","67.25","54","1.245394","double_attack_chance","double_attack_chance;extra_attack_chance","T2","114","148","basis_points"
"45","67.25","54","1.245394","double_attack_chance","double_attack_chance;extra_attack_chance","T3","155","202","basis_points"
"45","67.25","54","1.245394","threat_bps","threat","T1","121","148","basis_points"
"45","67.25","54","1.245394","threat_bps","threat","T2","161","188","basis_points"
"45","67.25","54","1.245394","threat_bps","threat","T3","202","235","basis_points"
"46","21.81","14.9","1.463577","attr_primary","strength;intelligence;dexterity","T1","5","8","flat"
"46","21.81","14.9","1.463577","attr_primary","strength;intelligence;dexterity","T2","8","11","flat"
"46","21.81","14.9","1.463577","attr_primary","strength;intelligence;dexterity","T3","12","16","flat"
"46","21.81","14.9","1.463577","vitality_primary","vitality","T1","7","9","flat"
"46","21.81","14.9","1.463577","vitality_primary","vitality","T2","10","13","flat"
"46","21.81","14.9","1.463577","vitality_primary","vitality","T3","14","18","flat"
"46","34.36","21","1.63607","damage_primary","melee_damage;spell_damage;ranged_damage","T1","21","27","flat"
"46","34.36","21","1.63607","damage_primary","melee_damage;spell_damage;ranged_damage","T2","31","40","flat"
"46","34.36","21","1.63607","damage_primary","melee_damage;spell_damage;ranged_damage","T3","41","52","flat"
"46","30.04","19.2","1.564811","resistance_primary","armor;spell_shield;missile_resistance","T1","17","23","flat"
"46","30.04","19.2","1.564811","resistance_primary","armor;spell_shield;missile_resistance","T2","24","30","flat"
"46","30.04","19.2","1.564811","resistance_primary","armor;spell_shield;missile_resistance","T3","33","41","flat"
"46","30.04","19.2","1.564811","max_hitpoints_primary","max_hitpoints","T1","36","48","flat"
"46","30.04","19.2","1.564811","max_hitpoints_primary","max_hitpoints","T2","57","72","flat"
"46","30.04","19.2","1.564811","max_hitpoints_primary","max_hitpoints","T3","78","96","flat"
"46","68.84","55","1.251621","crit_chance","crit_chance","T1","124","151","basis_points"
"46","68.84","55","1.251621","crit_chance","crit_chance","T2","165","193","basis_points"
"46","68.84","55","1.251621","crit_chance","crit_chance","T3","207","241","basis_points"
"46","68.84","55","1.251621","crit_damage","crit_damage","T1","179","234","basis_points"
"46","68.84","55","1.251621","crit_damage","crit_damage","T2","255","330","basis_points"
"46","68.84","55","1.251621","crit_damage","crit_damage","T3","344","427","basis_points"
"46","68.84","55","1.251621","double_attack_chance","double_attack_chance;extra_attack_chance","T1","83","110","basis_points"
"46","68.84","55","1.251621","double_attack_chance","double_attack_chance;extra_attack_chance","T2","117","151","basis_points"
"46","68.84","55","1.251621","double_attack_chance","double_attack_chance;extra_attack_chance","T3","158","207","basis_points"
"46","68.84","55","1.251621","threat_bps","threat","T1","124","151","basis_points"
"46","68.84","55","1.251621","threat_bps","threat","T2","165","193","basis_points"
"46","68.84","55","1.251621","threat_bps","threat","T3","207","241","basis_points"
"47","22.32","15.12","1.476018","attr_primary","strength;intelligence;dexterity","T1","6","8","flat"
"47","22.32","15.12","1.476018","attr_primary","strength;intelligence;dexterity","T2","8","11","flat"
"47","22.32","15.12","1.476018","attr_primary","strength;intelligence;dexterity","T3","12","16","flat"
"47","22.32","15.12","1.476018","vitality_primary","vitality","T1","7","9","flat"
"47","22.32","15.12","1.476018","vitality_primary","vitality","T2","10","13","flat"
"47","22.32","15.12","1.476018","vitality_primary","vitality","T3","15","18","flat"
"47","35.4","21.4","1.654067","damage_primary","melee_damage;spell_damage;ranged_damage","T1","21","28","flat"
"47","35.4","21.4","1.654067","damage_primary","melee_damage;spell_damage;ranged_damage","T2","32","41","flat"
"47","35.4","21.4","1.654067","damage_primary","melee_damage;spell_damage;ranged_damage","T3","42","53","flat"
"47","30.91","19.56","1.580459","resistance_primary","armor;spell_shield;missile_resistance","T1","17","23","flat"
"47","30.91","19.56","1.580459","resistance_primary","armor;spell_shield;missile_resistance","T2","25","31","flat"
"47","30.91","19.56","1.580459","resistance_primary","armor;spell_shield;missile_resistance","T3","34","42","flat"
"47","30.91","19.56","1.580459","max_hitpoints_primary","max_hitpoints","T1","37","49","flat"
"47","30.91","19.56","1.580459","max_hitpoints_primary","max_hitpoints","T2","59","74","flat"
"47","30.91","19.56","1.580459","max_hitpoints_primary","max_hitpoints","T3","80","99","flat"
"47","70.44","56","1.257879","crit_chance","crit_chance","T1","127","155","basis_points"
"47","70.44","56","1.257879","crit_chance","crit_chance","T2","169","197","basis_points"
"47","70.44","56","1.257879","crit_chance","crit_chance","T3","211","247","basis_points"
"47","70.44","56","1.257879","crit_damage","crit_damage","T1","183","240","basis_points"
"47","70.44","56","1.257879","crit_damage","crit_damage","T2","261","338","basis_points"
"47","70.44","56","1.257879","crit_damage","crit_damage","T3","352","437","basis_points"
"47","70.44","56","1.257879","double_attack_chance","double_attack_chance;extra_attack_chance","T1","85","113","basis_points"
"47","70.44","56","1.257879","double_attack_chance","double_attack_chance;extra_attack_chance","T2","120","155","basis_points"
"47","70.44","56","1.257879","double_attack_chance","double_attack_chance;extra_attack_chance","T3","162","211","basis_points"
"47","70.44","56","1.257879","threat_bps","threat","T1","127","155","basis_points"
"47","70.44","56","1.257879","threat_bps","threat","T2","169","197","basis_points"
"47","70.44","56","1.257879","threat_bps","threat","T3","211","247","basis_points"
"48","22.83","15.34","1.488564","attr_primary","strength;intelligence;dexterity","T1","6","8","flat"
"48","22.83","15.34","1.488564","attr_primary","strength;intelligence;dexterity","T2","9","11","flat"
"48","22.83","15.34","1.488564","attr_primary","strength;intelligence;dexterity","T3","13","16","flat"
"48","22.83","15.34","1.488564","vitality_primary","vitality","T1","7","9","flat"
"48","22.83","15.34","1.488564","vitality_primary","vitality","T2","10","13","flat"
"48","22.83","15.34","1.488564","vitality_primary","vitality","T3","15","19","flat"
"48","36.46","21.8","1.672262","damage_primary","melee_damage;spell_damage;ranged_damage","T1","22","29","flat"
"48","36.46","21.8","1.672262","damage_primary","melee_damage;spell_damage;ranged_damage","T2","33","42","flat"
"48","36.46","21.8","1.672262","damage_primary","melee_damage;spell_damage;ranged_damage","T3","44","55","flat"
"48","31.8","19.92","1.596263","resistance_primary","armor;spell_shield;missile_resistance","T1","17","24","flat"
"48","31.8","19.92","1.596263","resistance_primary","armor;spell_shield;missile_resistance","T2","25","32","flat"
"48","31.8","19.92","1.596263","resistance_primary","armor;spell_shield;missile_resistance","T3","35","43","flat"
"48","31.8","19.92","1.596263","max_hitpoints_primary","max_hitpoints","T1","38","51","flat"
"48","31.8","19.92","1.596263","max_hitpoints_primary","max_hitpoints","T2","60","76","flat"
"48","31.8","19.92","1.596263","max_hitpoints_primary","max_hitpoints","T3","83","102","flat"
"48","72.06","57","1.264168","crit_chance","crit_chance","T1","130","159","basis_points"
"48","72.06","57","1.264168","crit_chance","crit_chance","T2","173","202","basis_points"
"48","72.06","57","1.264168","crit_chance","crit_chance","T3","216","252","basis_points"
"48","72.06","57","1.264168","crit_damage","crit_damage","T1","187","245","basis_points"
"48","72.06","57","1.264168","crit_damage","crit_damage","T2","267","346","basis_points"
"48","72.06","57","1.264168","crit_damage","crit_damage","T3","360","447","basis_points"
"48","72.06","57","1.264168","double_attack_chance","double_attack_chance;extra_attack_chance","T1","86","115","basis_points"
"48","72.06","57","1.264168","double_attack_chance","double_attack_chance;extra_attack_chance","T2","122","159","basis_points"
"48","72.06","57","1.264168","double_attack_chance","double_attack_chance;extra_attack_chance","T3","166","216","basis_points"
"48","72.06","57","1.264168","threat_bps","threat","T1","130","159","basis_points"
"48","72.06","57","1.264168","threat_bps","threat","T2","173","202","basis_points"
"48","72.06","57","1.264168","threat_bps","threat","T3","216","252","basis_points"
"49","23.36","15.56","1.501216","attr_primary","strength;intelligence;dexterity","T1","6","8","flat"
"49","23.36","15.56","1.501216","attr_primary","strength;intelligence;dexterity","T2","9","12","flat"
"49","23.36","15.56","1.501216","attr_primary","strength;intelligence;dexterity","T3","13","17","flat"
"49","23.36","15.56","1.501216","vitality_primary","vitality","T1","7","9","flat"
"49","23.36","15.56","1.501216","vitality_primary","vitality","T2","11","14","flat"
"49","23.36","15.56","1.501216","vitality_primary","vitality","T3","15","19","flat"
"49","37.53","22.2","1.690657","damage_primary","melee_damage;spell_damage;ranged_damage","T1","23","30","flat"
"49","37.53","22.2","1.690657","damage_primary","melee_damage;spell_damage;ranged_damage","T2","34","43","flat"
"49","37.53","22.2","1.690657","damage_primary","melee_damage;spell_damage;ranged_damage","T3","45","56","flat"
"49","32.7","20.28","1.612226","resistance_primary","armor;spell_shield;missile_resistance","T1","18","25","flat"
"49","32.7","20.28","1.612226","resistance_primary","armor;spell_shield;missile_resistance","T2","26","33","flat"
"49","32.7","20.28","1.612226","resistance_primary","armor;spell_shield;missile_resistance","T3","36","44","flat"
"49","32.7","20.28","1.612226","max_hitpoints_primary","max_hitpoints","T1","39","52","flat"
"49","32.7","20.28","1.612226","max_hitpoints_primary","max_hitpoints","T2","62","78","flat"
"49","32.7","20.28","1.612226","max_hitpoints_primary","max_hitpoints","T3","85","105","flat"
"49","73.69","58","1.270489","crit_chance","crit_chance","T1","133","162","basis_points"
"49","73.69","58","1.270489","crit_chance","crit_chance","T2","177","206","basis_points"
"49","73.69","58","1.270489","crit_chance","crit_chance","T3","221","258","basis_points"
"49","73.69","58","1.270489","crit_damage","crit_damage","T1","192","251","basis_points"
"49","73.69","58","1.270489","crit_damage","crit_damage","T2","273","354","basis_points"
"49","73.69","58","1.270489","crit_damage","crit_damage","T3","368","457","basis_points"
"49","73.69","58","1.270489","double_attack_chance","double_attack_chance;extra_attack_chance","T1","88","118","basis_points"
"49","73.69","58","1.270489","double_attack_chance","double_attack_chance;extra_attack_chance","T2","125","162","basis_points"
"49","73.69","58","1.270489","double_attack_chance","double_attack_chance;extra_attack_chance","T3","169","221","basis_points"
"49","73.69","58","1.270489","threat_bps","threat","T1","133","162","basis_points"
"49","73.69","58","1.270489","threat_bps","threat","T2","177","206","basis_points"
"49","73.69","58","1.270489","threat_bps","threat","T3","221","258","basis_points"
"50","23.89","15.78","1.513977","attr_primary","strength;intelligence;dexterity","T1","6","8","flat"
"50","23.89","15.78","1.513977","attr_primary","strength;intelligence;dexterity","T2","9","12","flat"
"50","23.89","15.78","1.513977","attr_primary","strength;intelligence;dexterity","T3","13","17","flat"
"50","23.89","15.78","1.513977","vitality_primary","vitality","T1","7","10","flat"
"50","23.89","15.78","1.513977","vitality_primary","vitality","T2","11","14","flat"
"50","23.89","15.78","1.513977","vitality_primary","vitality","T3","16","20","flat"
"50","38.63","22.6","1.709254","damage_primary","melee_damage;spell_damage;ranged_damage","T1","23","31","flat"
"50","38.63","22.6","1.709254","damage_primary","melee_damage;spell_damage;ranged_damage","T2","35","44","flat"
"50","38.63","22.6","1.709254","damage_primary","melee_damage;spell_damage;ranged_damage","T3","46","58","flat"
"50","33.61","20.64","1.628348","resistance_primary","armor;spell_shield;missile_resistance","T1","18","25","flat"
"50","33.61","20.64","1.628348","resistance_primary","armor;spell_shield;missile_resistance","T2","27","34","flat"
"50","33.61","20.64","1.628348","resistance_primary","armor;spell_shield;missile_resistance","T3","37","45","flat"
"50","33.61","20.64","1.628348","max_hitpoints_primary","max_hitpoints","T1","40","54","flat"
"50","33.61","20.64","1.628348","max_hitpoints_primary","max_hitpoints","T2","64","81","flat"
"50","33.61","20.64","1.628348","max_hitpoints_primary","max_hitpoints","T3","87","108","flat"
"50","75.33","59","1.276842","crit_chance","crit_chance","T1","136","166","basis_points"
"50","75.33","59","1.276842","crit_chance","crit_chance","T2","181","211","basis_points"
"50","75.33","59","1.276842","crit_chance","crit_chance","T3","226","264","basis_points"
"50","75.33","59","1.276842","crit_damage","crit_damage","T1","196","256","basis_points"
"50","75.33","59","1.276842","crit_damage","crit_damage","T2","279","362","basis_points"
"50","75.33","59","1.276842","crit_damage","crit_damage","T3","377","467","basis_points"
"50","75.33","59","1.276842","double_attack_chance","double_attack_chance;extra_attack_chance","T1","90","121","basis_points"
"50","75.33","59","1.276842","double_attack_chance","double_attack_chance;extra_attack_chance","T2","128","166","basis_points"
"50","75.33","59","1.276842","double_attack_chance","double_attack_chance;extra_attack_chance","T3","173","226","basis_points"
"50","75.33","59","1.276842","threat_bps","threat","T1","136","166","basis_points"
"50","75.33","59","1.276842","threat_bps","threat","T2","181","211","basis_points"
"50","75.33","59","1.276842","threat_bps","threat","T3","226","264","basis_points"
"51","24.43","16","1.526846","attr_primary","strength;intelligence;dexterity","T1","6","9","flat"
"51","24.43","16","1.526846","attr_primary","strength;intelligence;dexterity","T2","9","12","flat"
"51","24.43","16","1.526846","attr_primary","strength;intelligence;dexterity","T3","13","18","flat"
"51","24.43","16","1.526846","vitality_primary","vitality","T1","7","10","flat"
"51","24.43","16","1.526846","vitality_primary","vitality","T2","11","14","flat"
"51","24.43","16","1.526846","vitality_primary","vitality","T3","16","20","flat"
"51","39.75","23","1.728056","damage_primary","melee_damage;spell_damage;ranged_damage","T1","24","32","flat"
"51","39.75","23","1.728056","damage_primary","melee_damage;spell_damage;ranged_damage","T2","36","46","flat"
"51","39.75","23","1.728056","damage_primary","melee_damage;spell_damage;ranged_damage","T3","48","60","flat"
"51","34.54","21","1.644632","resistance_primary","armor;spell_shield;missile_resistance","T1","19","26","flat"
"51","34.54","21","1.644632","resistance_primary","armor;spell_shield;missile_resistance","T2","28","35","flat"
"51","34.54","21","1.644632","resistance_primary","armor;spell_shield;missile_resistance","T3","38","47","flat"
"51","34.54","21","1.644632","max_hitpoints_primary","max_hitpoints","T1","41","55","flat"
"51","34.54","21","1.644632","max_hitpoints_primary","max_hitpoints","T2","66","83","flat"
"51","34.54","21","1.644632","max_hitpoints_primary","max_hitpoints","T3","90","111","flat"
"51","76.99","60","1.283226","crit_chance","crit_chance","T1","139","169","basis_points"
"51","76.99","60","1.283226","crit_chance","crit_chance","T2","185","216","basis_points"
"51","76.99","60","1.283226","crit_chance","crit_chance","T3","231","269","basis_points"
"51","76.99","60","1.283226","crit_damage","crit_damage","T1","200","262","basis_points"
"51","76.99","60","1.283226","crit_damage","crit_damage","T2","285","370","basis_points"
"51","76.99","60","1.283226","crit_damage","crit_damage","T3","385","477","basis_points"
"51","76.99","60","1.283226","double_attack_chance","double_attack_chance;extra_attack_chance","T1","92","123","basis_points"
"51","76.99","60","1.283226","double_attack_chance","double_attack_chance;extra_attack_chance","T2","131","169","basis_points"
"51","76.99","60","1.283226","double_attack_chance","double_attack_chance;extra_attack_chance","T3","177","231","basis_points"
"51","76.99","60","1.283226","threat_bps","threat","T1","139","169","basis_points"
"51","76.99","60","1.283226","threat_bps","threat","T2","185","216","basis_points"
"51","76.99","60","1.283226","threat_bps","threat","T3","231","269","basis_points"
"52","24.98","16.22","1.539824","attr_primary","strength;intelligence;dexterity","T1","6","9","flat"
"52","24.98","16.22","1.539824","attr_primary","strength;intelligence;dexterity","T2","9","12","flat"
"52","24.98","16.22","1.539824","attr_primary","strength;intelligence;dexterity","T3","14","18","flat"
"52","24.98","16.22","1.539824","vitality_primary","vitality","T1","7","10","flat"
"52","24.98","16.22","1.539824","vitality_primary","vitality","T2","11","14","flat"
"52","24.98","16.22","1.539824","vitality_primary","vitality","T3","16","20","flat"
"52","40.88","23.4","1.747064","damage_primary","melee_damage;spell_damage;ranged_damage","T1","25","33","flat"
"52","40.88","23.4","1.747064","damage_primary","melee_damage;spell_damage;ranged_damage","T2","37","47","flat"
"52","40.88","23.4","1.747064","damage_primary","melee_damage;spell_damage;ranged_damage","T3","49","61","flat"
"52","35.48","21.36","1.661078","resistance_primary","armor;spell_shield;missile_resistance","T1","20","27","flat"
"52","35.48","21.36","1.661078","resistance_primary","armor;spell_shield;missile_resistance","T2","28","35","flat"
"52","35.48","21.36","1.661078","resistance_primary","armor;spell_shield;missile_resistance","T3","39","48","flat"
"52","35.48","21.36","1.661078","max_hitpoints_primary","max_hitpoints","T1","43","57","flat"
"52","35.48","21.36","1.661078","max_hitpoints_primary","max_hitpoints","T2","67","85","flat"
"52","35.48","21.36","1.661078","max_hitpoints_primary","max_hitpoints","T3","92","114","flat"
"52","78.67","61","1.289642","crit_chance","crit_chance","T1","142","173","basis_points"
"52","78.67","61","1.289642","crit_chance","crit_chance","T2","189","220","basis_points"
"52","78.67","61","1.289642","crit_chance","crit_chance","T3","236","275","basis_points"
"52","78.67","61","1.289642","crit_damage","crit_damage","T1","205","267","basis_points"
"52","78.67","61","1.289642","crit_damage","crit_damage","T2","291","378","basis_points"
"52","78.67","61","1.289642","crit_damage","crit_damage","T3","393","488","basis_points"
"52","78.67","61","1.289642","double_attack_chance","double_attack_chance;extra_attack_chance","T1","94","126","basis_points"
"52","78.67","61","1.289642","double_attack_chance","double_attack_chance;extra_attack_chance","T2","134","173","basis_points"
"52","78.67","61","1.289642","double_attack_chance","double_attack_chance;extra_attack_chance","T3","181","236","basis_points"
"52","78.67","61","1.289642","threat_bps","threat","T1","142","173","basis_points"
"52","78.67","61","1.289642","threat_bps","threat","T2","189","220","basis_points"
"52","78.67","61","1.289642","threat_bps","threat","T3","236","275","basis_points"
"53","25.53","16.44","1.552912","attr_primary","strength;intelligence;dexterity","T1","6","9","flat"
"53","25.53","16.44","1.552912","attr_primary","strength;intelligence;dexterity","T2","10","13","flat"
"53","25.53","16.44","1.552912","attr_primary","strength;intelligence;dexterity","T3","14","18","flat"
"53","25.53","16.44","1.552912","vitality_primary","vitality","T1","8","10","flat"
"53","25.53","16.44","1.552912","vitality_primary","vitality","T2","11","15","flat"
"53","25.53","16.44","1.552912","vitality_primary","vitality","T3","17","21","flat"
"53","42.04","23.8","1.766282","damage_primary","melee_damage;spell_damage;ranged_damage","T1","25","34","flat"
"53","42.04","23.8","1.766282","damage_primary","melee_damage;spell_damage;ranged_damage","T2","38","48","flat"
"53","42.04","23.8","1.766282","damage_primary","melee_damage;spell_damage;ranged_damage","T3","50","63","flat"
"53","36.44","21.72","1.677689","resistance_primary","armor;spell_shield;missile_resistance","T1","20","27","flat"
"53","36.44","21.72","1.677689","resistance_primary","armor;spell_shield;missile_resistance","T2","29","36","flat"
"53","36.44","21.72","1.677689","resistance_primary","armor;spell_shield;missile_resistance","T3","40","49","flat"
"53","36.44","21.72","1.677689","max_hitpoints_primary","max_hitpoints","T1","44","58","flat"
"53","36.44","21.72","1.677689","max_hitpoints_primary","max_hitpoints","T2","69","87","flat"
"53","36.44","21.72","1.677689","max_hitpoints_primary","max_hitpoints","T3","95","117","flat"
"53","80.36","62","1.29609","crit_chance","crit_chance","T1","145","177","basis_points"
"53","80.36","62","1.29609","crit_chance","crit_chance","T2","193","225","basis_points"
"53","80.36","62","1.29609","crit_chance","crit_chance","T3","241","281","basis_points"
"53","80.36","62","1.29609","crit_damage","crit_damage","T1","209","273","basis_points"
"53","80.36","62","1.29609","crit_damage","crit_damage","T2","297","386","basis_points"
"53","80.36","62","1.29609","crit_damage","crit_damage","T3","402","498","basis_points"
"53","80.36","62","1.29609","double_attack_chance","double_attack_chance;extra_attack_chance","T1","96","129","basis_points"
"53","80.36","62","1.29609","double_attack_chance","double_attack_chance;extra_attack_chance","T2","137","177","basis_points"
"53","80.36","62","1.29609","double_attack_chance","double_attack_chance;extra_attack_chance","T3","185","241","basis_points"
"53","80.36","62","1.29609","threat_bps","threat","T1","145","177","basis_points"
"53","80.36","62","1.29609","threat_bps","threat","T2","193","225","basis_points"
"53","80.36","62","1.29609","threat_bps","threat","T3","241","281","basis_points"
"54","26.09","16.66","1.566112","attr_primary","strength;intelligence;dexterity","T1","7","9","flat"
"54","26.09","16.66","1.566112","attr_primary","strength;intelligence;dexterity","T2","10","13","flat"
"54","26.09","16.66","1.566112","attr_primary","strength;intelligence;dexterity","T3","14","19","flat"
"54","26.09","16.66","1.566112","vitality_primary","vitality","T1","8","10","flat"
"54","26.09","16.66","1.566112","vitality_primary","vitality","T2","12","15","flat"
"54","26.09","16.66","1.566112","vitality_primary","vitality","T3","17","21","flat"
"54","43.21","24.2","1.785711","damage_primary","melee_damage;spell_damage;ranged_damage","T1","26","35","flat"
"54","43.21","24.2","1.785711","damage_primary","melee_damage;spell_damage;ranged_damage","T2","39","50","flat"
"54","43.21","24.2","1.785711","damage_primary","melee_damage;spell_damage;ranged_damage","T3","52","65","flat"
"54","37.41","22.08","1.694466","resistance_primary","armor;spell_shield;missile_resistance","T1","21","28","flat"
"54","37.41","22.08","1.694466","resistance_primary","armor;spell_shield;missile_resistance","T2","30","37","flat"
"54","37.41","22.08","1.694466","resistance_primary","armor;spell_shield;missile_resistance","T3","41","51","flat"
"54","37.41","22.08","1.694466","max_hitpoints_primary","max_hitpoints","T1","45","60","flat"
"54","37.41","22.08","1.694466","max_hitpoints_primary","max_hitpoints","T2","71","90","flat"
"54","37.41","22.08","1.694466","max_hitpoints_primary","max_hitpoints","T3","97","120","flat"
"54","82.06","63","1.302571","crit_chance","crit_chance","T1","148","181","basis_points"
"54","82.06","63","1.302571","crit_chance","crit_chance","T2","197","230","basis_points"
"54","82.06","63","1.302571","crit_chance","crit_chance","T3","246","287","basis_points"
"54","82.06","63","1.302571","crit_damage","crit_damage","T1","213","279","basis_points"
"54","82.06","63","1.302571","crit_damage","crit_damage","T2","304","394","basis_points"
"54","82.06","63","1.302571","crit_damage","crit_damage","T3","410","509","basis_points"
"54","82.06","63","1.302571","double_attack_chance","double_attack_chance;extra_attack_chance","T1","98","131","basis_points"
"54","82.06","63","1.302571","double_attack_chance","double_attack_chance;extra_attack_chance","T2","140","181","basis_points"
"54","82.06","63","1.302571","double_attack_chance","double_attack_chance;extra_attack_chance","T3","189","246","basis_points"
"54","82.06","63","1.302571","threat_bps","threat","T1","148","181","basis_points"
"54","82.06","63","1.302571","threat_bps","threat","T2","197","230","basis_points"
"54","82.06","63","1.302571","threat_bps","threat","T3","246","287","basis_points"
"55","26.66","16.88","1.579424","attr_primary","strength;intelligence;dexterity","T1","7","9","flat"
"55","26.66","16.88","1.579424","attr_primary","strength;intelligence;dexterity","T2","10","13","flat"
"55","26.66","16.88","1.579424","attr_primary","strength;intelligence;dexterity","T3","15","19","flat"
"55","26.66","16.88","1.579424","vitality_primary","vitality","T1","8","11","flat"
"55","26.66","16.88","1.579424","vitality_primary","vitality","T2","12","15","flat"
"55","26.66","16.88","1.579424","vitality_primary","vitality","T3","17","22","flat"
"55","44.41","24.6","1.805354","damage_primary","melee_damage;spell_damage;ranged_damage","T1","27","36","flat"
"55","44.41","24.6","1.805354","damage_primary","melee_damage;spell_damage;ranged_damage","T2","40","51","flat"
"55","44.41","24.6","1.805354","damage_primary","melee_damage;spell_damage;ranged_damage","T3","53","67","flat"
"55","38.4","22.44","1.71141","resistance_primary","armor;spell_shield;missile_resistance","T1","21","29","flat"
"55","38.4","22.44","1.71141","resistance_primary","armor;spell_shield;missile_resistance","T2","31","38","flat"
"55","38.4","22.44","1.71141","resistance_primary","armor;spell_shield;missile_resistance","T3","42","52","flat"
"55","38.4","22.44","1.71141","max_hitpoints_primary","max_hitpoints","T1","46","61","flat"
"55","38.4","22.44","1.71141","max_hitpoints_primary","max_hitpoints","T2","73","92","flat"
"55","38.4","22.44","1.71141","max_hitpoints_primary","max_hitpoints","T3","100","123","flat"
"55","83.78","64","1.309083","crit_chance","crit_chance","T1","151","184","basis_points"
"55","83.78","64","1.309083","crit_chance","crit_chance","T2","201","235","basis_points"
"55","83.78","64","1.309083","crit_chance","crit_chance","T3","251","293","basis_points"
"55","83.78","64","1.309083","crit_damage","crit_damage","T1","218","285","basis_points"
"55","83.78","64","1.309083","crit_damage","crit_damage","T2","310","402","basis_points"
"55","83.78","64","1.309083","crit_damage","crit_damage","T3","419","519","basis_points"
"55","83.78","64","1.309083","double_attack_chance","double_attack_chance;extra_attack_chance","T1","101","134","basis_points"
"55","83.78","64","1.309083","double_attack_chance","double_attack_chance;extra_attack_chance","T2","142","184","basis_points"
"55","83.78","64","1.309083","double_attack_chance","double_attack_chance;extra_attack_chance","T3","193","251","basis_points"
"55","83.78","64","1.309083","threat_bps","threat","T1","151","184","basis_points"
"55","83.78","64","1.309083","threat_bps","threat","T2","201","235","basis_points"
"55","83.78","64","1.309083","threat_bps","threat","T3","251","293","basis_points"
"56","27.24","17.1","1.592849","attr_primary","strength;intelligence;dexterity","T1","7","10","flat"
"56","27.24","17.1","1.592849","attr_primary","strength;intelligence;dexterity","T2","10","14","flat"
"56","27.24","17.1","1.592849","attr_primary","strength;intelligence;dexterity","T3","15","20","flat"
"56","27.24","17.1","1.592849","vitality_primary","vitality","T1","8","11","flat"
"56","27.24","17.1","1.592849","vitality_primary","vitality","T2","12","16","flat"
"56","27.24","17.1","1.592849","vitality_primary","vitality","T3","18","22","flat"
"56","45.63","25","1.825213","damage_primary","melee_damage;spell_damage;ranged_damage","T1","27","37","flat"
"56","45.63","25","1.825213","damage_primary","melee_damage;spell_damage;ranged_damage","T2","41","52","flat"
"56","45.63","25","1.825213","damage_primary","melee_damage;spell_damage;ranged_damage","T3","55","68","flat"
"56","39.41","22.8","1.728525","resistance_primary","armor;spell_shield;missile_resistance","T1","22","30","flat"
"56","39.41","22.8","1.728525","resistance_primary","armor;spell_shield;missile_resistance","T2","32","39","flat"
"56","39.41","22.8","1.728525","resistance_primary","armor;spell_shield;missile_resistance","T3","43","53","flat"
"56","39.41","22.8","1.728525","max_hitpoints_primary","max_hitpoints","T1","47","63","flat"
"56","39.41","22.8","1.728525","max_hitpoints_primary","max_hitpoints","T2","75","95","flat"
"56","39.41","22.8","1.728525","max_hitpoints_primary","max_hitpoints","T3","102","126","flat"
"56","85.52","65","1.315629","crit_chance","crit_chance","T1","154","188","basis_points"
"56","85.52","65","1.315629","crit_chance","crit_chance","T2","205","239","basis_points"
"56","85.52","65","1.315629","crit_chance","crit_chance","T3","257","299","basis_points"
"56","85.52","65","1.315629","crit_damage","crit_damage","T1","222","291","basis_points"
"56","85.52","65","1.315629","crit_damage","crit_damage","T2","316","410","basis_points"
"56","85.52","65","1.315629","crit_damage","crit_damage","T3","428","530","basis_points"
"56","85.52","65","1.315629","double_attack_chance","double_attack_chance;extra_attack_chance","T1","103","137","basis_points"
"56","85.52","65","1.315629","double_attack_chance","double_attack_chance;extra_attack_chance","T2","145","188","basis_points"
"56","85.52","65","1.315629","double_attack_chance","double_attack_chance;extra_attack_chance","T3","197","257","basis_points"
"56","85.52","65","1.315629","threat_bps","threat","T1","154","188","basis_points"
"56","85.52","65","1.315629","threat_bps","threat","T2","205","239","basis_points"
"56","85.52","65","1.315629","threat_bps","threat","T3","257","299","basis_points"
"57","27.82","17.32","1.606388","attr_primary","strength;intelligence;dexterity","T1","7","10","flat"
"57","27.82","17.32","1.606388","attr_primary","strength;intelligence;dexterity","T2","11","14","flat"
"57","27.82","17.32","1.606388","attr_primary","strength;intelligence;dexterity","T3","15","20","flat"
"57","27.82","17.32","1.606388","vitality_primary","vitality","T1","8","11","flat"
"57","27.82","17.32","1.606388","vitality_primary","vitality","T2","13","16","flat"
"57","27.82","17.32","1.606388","vitality_primary","vitality","T3","18","23","flat"
"57","46.87","25.4","1.84529","damage_primary","melee_damage;spell_damage;ranged_damage","T1","28","37","flat"
"57","46.87","25.4","1.84529","damage_primary","melee_damage;spell_damage;ranged_damage","T2","42","54","flat"
"57","46.87","25.4","1.84529","damage_primary","melee_damage;spell_damage;ranged_damage","T3","56","70","flat"
"57","40.43","23.16","1.74581","resistance_primary","armor;spell_shield;missile_resistance","T1","22","30","flat"
"57","40.43","23.16","1.74581","resistance_primary","armor;spell_shield;missile_resistance","T2","32","40","flat"
"57","40.43","23.16","1.74581","resistance_primary","armor;spell_shield;missile_resistance","T3","44","55","flat"
"57","40.43","23.16","1.74581","max_hitpoints_primary","max_hitpoints","T1","49","65","flat"
"57","40.43","23.16","1.74581","max_hitpoints_primary","max_hitpoints","T2","77","97","flat"
"57","40.43","23.16","1.74581","max_hitpoints_primary","max_hitpoints","T3","105","129","flat"
"57","87.27","66","1.322207","crit_chance","crit_chance","T1","157","192","basis_points"
"57","87.27","66","1.322207","crit_chance","crit_chance","T2","209","244","basis_points"
"57","87.27","66","1.322207","crit_chance","crit_chance","T3","262","305","basis_points"
"57","87.27","66","1.322207","crit_damage","crit_damage","T1","227","297","basis_points"
"57","87.27","66","1.322207","crit_damage","crit_damage","T2","323","419","basis_points"
"57","87.27","66","1.322207","crit_damage","crit_damage","T3","436","541","basis_points"
"57","87.27","66","1.322207","double_attack_chance","double_attack_chance;extra_attack_chance","T1","105","140","basis_points"
"57","87.27","66","1.322207","double_attack_chance","double_attack_chance;extra_attack_chance","T2","148","192","basis_points"
"57","87.27","66","1.322207","double_attack_chance","double_attack_chance;extra_attack_chance","T3","201","262","basis_points"
"57","87.27","66","1.322207","threat_bps","threat","T1","157","192","basis_points"
"57","87.27","66","1.322207","threat_bps","threat","T2","209","244","basis_points"
"57","87.27","66","1.322207","threat_bps","threat","T3","262","305","basis_points"
"58","28.42","17.54","1.620043","attr_primary","strength;intelligence;dexterity","T1","7","10","flat"
"58","28.42","17.54","1.620043","attr_primary","strength;intelligence;dexterity","T2","11","14","flat"
"58","28.42","17.54","1.620043","attr_primary","strength;intelligence;dexterity","T3","16","20","flat"
"58","28.42","17.54","1.620043","vitality_primary","vitality","T1","9","11","flat"
"58","28.42","17.54","1.620043","vitality_primary","vitality","T2","13","16","flat"
"58","28.42","17.54","1.620043","vitality_primary","vitality","T3","18","23","flat"
"58","48.13","25.8","1.865589","damage_primary","melee_damage;spell_damage;ranged_damage","T1","29","39","flat"
"58","48.13","25.8","1.865589","damage_primary","melee_damage;spell_damage;ranged_damage","T2","43","55","flat"
"58","48.13","25.8","1.865589","damage_primary","melee_damage;spell_damage;ranged_damage","T3","58","72","flat"
"58","41.47","23.52","1.763268","resistance_primary","armor;spell_shield;missile_resistance","T1","23","31","flat"
"58","41.47","23.52","1.763268","resistance_primary","armor;spell_shield;missile_resistance","T2","33","41","flat"
"58","41.47","23.52","1.763268","resistance_primary","armor;spell_shield;missile_resistance","T3","46","56","flat"
"58","41.47","23.52","1.763268","max_hitpoints_primary","max_hitpoints","T1","50","66","flat"
"58","41.47","23.52","1.763268","max_hitpoints_primary","max_hitpoints","T2","79","100","flat"
"58","41.47","23.52","1.763268","max_hitpoints_primary","max_hitpoints","T3","108","133","flat"
"58","89.03","67","1.328818","crit_chance","crit_chance","T1","160","196","basis_points"
"58","89.03","67","1.328818","crit_chance","crit_chance","T2","214","249","basis_points"
"58","89.03","67","1.328818","crit_chance","crit_chance","T3","267","312","basis_points"
"58","89.03","67","1.328818","crit_damage","crit_damage","T1","231","303","basis_points"
"58","89.03","67","1.328818","crit_damage","crit_damage","T2","329","427","basis_points"
"58","89.03","67","1.328818","crit_damage","crit_damage","T3","445","552","basis_points"
"58","89.03","67","1.328818","double_attack_chance","double_attack_chance;extra_attack_chance","T1","107","142","basis_points"
"58","89.03","67","1.328818","double_attack_chance","double_attack_chance;extra_attack_chance","T2","151","196","basis_points"
"58","89.03","67","1.328818","double_attack_chance","double_attack_chance;extra_attack_chance","T3","205","267","basis_points"
"58","89.03","67","1.328818","threat_bps","threat","T1","160","196","basis_points"
"58","89.03","67","1.328818","threat_bps","threat","T2","214","249","basis_points"
"58","89.03","67","1.328818","threat_bps","threat","T3","267","312","basis_points"
"59","29.02","17.76","1.633813","attr_primary","strength;intelligence;dexterity","T1","7","10","flat"
"59","29.02","17.76","1.633813","attr_primary","strength;intelligence;dexterity","T2","11","15","flat"
"59","29.02","17.76","1.633813","attr_primary","strength;intelligence;dexterity","T3","16","21","flat"
"59","29.02","17.76","1.633813","vitality_primary","vitality","T1","9","12","flat"
"59","29.02","17.76","1.633813","vitality_primary","vitality","T2","13","17","flat"
"59","29.02","17.76","1.633813","vitality_primary","vitality","T3","19","24","flat"
"59","49.42","26.2","1.88611","damage_primary","melee_damage;spell_damage;ranged_damage","T1","30","40","flat"
"59","49.42","26.2","1.88611","damage_primary","melee_damage;spell_damage;ranged_damage","T2","44","57","flat"
"59","49.42","26.2","1.88611","damage_primary","melee_damage;spell_damage;ranged_damage","T3","59","74","flat"
"59","42.53","23.88","1.780901","resistance_primary","armor;spell_shield;missile_resistance","T1","23","32","flat"
"59","42.53","23.88","1.780901","resistance_primary","armor;spell_shield;missile_resistance","T2","34","43","flat"
"59","42.53","23.88","1.780901","resistance_primary","armor;spell_shield;missile_resistance","T3","47","57","flat"
"59","42.53","23.88","1.780901","max_hitpoints_primary","max_hitpoints","T1","51","68","flat"
"59","42.53","23.88","1.780901","max_hitpoints_primary","max_hitpoints","T2","81","102","flat"
"59","42.53","23.88","1.780901","max_hitpoints_primary","max_hitpoints","T3","111","136","flat"
"59","90.81","68","1.335462","crit_chance","crit_chance","T1","163","200","basis_points"
"59","90.81","68","1.335462","crit_chance","crit_chance","T2","218","254","basis_points"
"59","90.81","68","1.335462","crit_chance","crit_chance","T3","272","318","basis_points"
"59","90.81","68","1.335462","crit_damage","crit_damage","T1","236","309","basis_points"
"59","90.81","68","1.335462","crit_damage","crit_damage","T2","336","436","basis_points"
"59","90.81","68","1.335462","crit_damage","crit_damage","T3","454","563","basis_points"
"59","90.81","68","1.335462","double_attack_chance","double_attack_chance;extra_attack_chance","T1","109","145","basis_points"
"59","90.81","68","1.335462","double_attack_chance","double_attack_chance;extra_attack_chance","T2","154","200","basis_points"
"59","90.81","68","1.335462","double_attack_chance","double_attack_chance;extra_attack_chance","T3","209","272","basis_points"
"59","90.81","68","1.335462","threat_bps","threat","T1","163","200","basis_points"
"59","90.81","68","1.335462","threat_bps","threat","T2","218","254","basis_points"
"59","90.81","68","1.335462","threat_bps","threat","T3","272","318","basis_points"
"60","29.63","17.98","1.6477","attr_primary","strength;intelligence;dexterity","T1","7","10","flat"
"60","29.63","17.98","1.6477","attr_primary","strength;intelligence;dexterity","T2","11","15","flat"
"60","29.63","17.98","1.6477","attr_primary","strength;intelligence;dexterity","T3","16","21","flat"
"60","29.63","17.98","1.6477","vitality_primary","vitality","T1","9","12","flat"
"60","29.63","17.98","1.6477","vitality_primary","vitality","T2","13","17","flat"
"60","29.63","17.98","1.6477","vitality_primary","vitality","T3","19","24","flat"
"60","50.72","26.6","1.906857","damage_primary","melee_damage;spell_damage;ranged_damage","T1","30","41","flat"
"60","50.72","26.6","1.906857","damage_primary","melee_damage;spell_damage;ranged_damage","T2","46","58","flat"
"60","50.72","26.6","1.906857","damage_primary","melee_damage;spell_damage;ranged_damage","T3","61","76","flat"
"60","43.6","24.24","1.79871","resistance_primary","armor;spell_shield;missile_resistance","T1","24","33","flat"
"60","43.6","24.24","1.79871","resistance_primary","armor;spell_shield;missile_resistance","T2","35","44","flat"
"60","43.6","24.24","1.79871","resistance_primary","armor;spell_shield;missile_resistance","T3","48","59","flat"
"60","43.6","24.24","1.79871","max_hitpoints_primary","max_hitpoints","T1","52","70","flat"
"60","43.6","24.24","1.79871","max_hitpoints_primary","max_hitpoints","T2","83","105","flat"
"60","43.6","24.24","1.79871","max_hitpoints_primary","max_hitpoints","T3","113","140","flat"
"60","92.61","69","1.342139","crit_chance","crit_chance","T1","167","204","basis_points"
"60","92.61","69","1.342139","crit_chance","crit_chance","T2","222","259","basis_points"
"60","92.61","69","1.342139","crit_chance","crit_chance","T3","278","324","basis_points"
"60","92.61","69","1.342139","crit_damage","crit_damage","T1","241","315","basis_points"
"60","92.61","69","1.342139","crit_damage","crit_damage","T2","343","445","basis_points"
"60","92.61","69","1.342139","crit_damage","crit_damage","T3","463","574","basis_points"
"60","92.61","69","1.342139","double_attack_chance","double_attack_chance;extra_attack_chance","T1","111","148","basis_points"
"60","92.61","69","1.342139","double_attack_chance","double_attack_chance;extra_attack_chance","T2","157","204","basis_points"
"60","92.61","69","1.342139","double_attack_chance","double_attack_chance;extra_attack_chance","T3","213","278","basis_points"
"60","92.61","69","1.342139","threat_bps","threat","T1","167","204","basis_points"
"60","92.61","69","1.342139","threat_bps","threat","T2","222","259","basis_points"
"60","92.61","69","1.342139","threat_bps","threat","T3","278","324","basis_points"
"61","30.24","18.2","1.661706","attr_primary","strength;intelligence;dexterity","T1","8","11","flat"
"61","30.24","18.2","1.661706","attr_primary","strength;intelligence;dexterity","T2","11","15","flat"
"61","30.24","18.2","1.661706","attr_primary","strength;intelligence;dexterity","T3","17","22","flat"
"61","30.24","18.2","1.661706","vitality_primary","vitality","T1","9","12","flat"
"61","30.24","18.2","1.661706","vitality_primary","vitality","T2","14","18","flat"
"61","30.24","18.2","1.661706","vitality_primary","vitality","T3","20","25","flat"
"61","52.05","27","1.927833","damage_primary","melee_damage;spell_damage;ranged_damage","T1","31","42","flat"
"61","52.05","27","1.927833","damage_primary","melee_damage;spell_damage;ranged_damage","T2","47","60","flat"
"61","52.05","27","1.927833","damage_primary","melee_damage;spell_damage;ranged_damage","T3","62","78","flat"
"61","44.69","24.6","1.816697","resistance_primary","armor;spell_shield;missile_resistance","T1","25","34","flat"
"61","44.69","24.6","1.816697","resistance_primary","armor;spell_shield;missile_resistance","T2","36","45","flat"
"61","44.69","24.6","1.816697","resistance_primary","armor;spell_shield;missile_resistance","T3","49","60","flat"
"61","44.69","24.6","1.816697","max_hitpoints_primary","max_hitpoints","T1","54","72","flat"
"61","44.69","24.6","1.816697","max_hitpoints_primary","max_hitpoints","T2","85","107","flat"
"61","44.69","24.6","1.816697","max_hitpoints_primary","max_hitpoints","T3","116","143","flat"
"61","94.42","70","1.34885","crit_chance","crit_chance","T1","170","208","basis_points"
"61","94.42","70","1.34885","crit_chance","crit_chance","T2","227","264","basis_points"
"61","94.42","70","1.34885","crit_chance","crit_chance","T3","283","330","basis_points"
"61","94.42","70","1.34885","crit_damage","crit_damage","T1","245","321","basis_points"
"61","94.42","70","1.34885","crit_damage","crit_damage","T2","349","453","basis_points"
"61","94.42","70","1.34885","crit_damage","crit_damage","T3","472","585","basis_points"
"61","94.42","70","1.34885","double_attack_chance","double_attack_chance;extra_attack_chance","T1","113","151","basis_points"
"61","94.42","70","1.34885","double_attack_chance","double_attack_chance;extra_attack_chance","T2","161","208","basis_points"
"61","94.42","70","1.34885","double_attack_chance","double_attack_chance;extra_attack_chance","T3","217","283","basis_points"
"61","94.42","70","1.34885","threat_bps","threat","T1","170","208","basis_points"
"61","94.42","70","1.34885","threat_bps","threat","T2","227","264","basis_points"
"61","94.42","70","1.34885","threat_bps","threat","T3","283","330","basis_points"
"62","30.87","18.42","1.67583","attr_primary","strength;intelligence;dexterity","T1","8","11","flat"
"62","30.87","18.42","1.67583","attr_primary","strength;intelligence;dexterity","T2","12","15","flat"
"62","30.87","18.42","1.67583","attr_primary","strength;intelligence;dexterity","T3","17","22","flat"
"62","30.87","18.42","1.67583","vitality_primary","vitality","T1","9","12","flat"
"62","30.87","18.42","1.67583","vitality_primary","vitality","T2","14","18","flat"
"62","30.87","18.42","1.67583","vitality_primary","vitality","T3","20","25","flat"
"62","53.4","27.4","1.949039","damage_primary","melee_damage;spell_damage;ranged_damage","T1","32","43","flat"
"62","53.4","27.4","1.949039","damage_primary","melee_damage;spell_damage;ranged_damage","T2","48","61","flat"
"62","53.4","27.4","1.949039","damage_primary","melee_damage;spell_damage;ranged_damage","T3","64","80","flat"
"62","45.8","24.96","1.834864","resistance_primary","armor;spell_shield;missile_resistance","T1","25","34","flat"
"62","45.8","24.96","1.834864","resistance_primary","armor;spell_shield;missile_resistance","T2","37","46","flat"
"62","45.8","24.96","1.834864","resistance_primary","armor;spell_shield;missile_resistance","T3","50","62","flat"
"62","45.8","24.96","1.834864","max_hitpoints_primary","max_hitpoints","T1","55","73","flat"
"62","45.8","24.96","1.834864","max_hitpoints_primary","max_hitpoints","T2","87","110","flat"
"62","45.8","24.96","1.834864","max_hitpoints_primary","max_hitpoints","T3","119","147","flat"
"62","96.25","71","1.355594","crit_chance","crit_chance","T1","173","212","basis_points"
"62","96.25","71","1.355594","crit_chance","crit_chance","T2","231","269","basis_points"
"62","96.25","71","1.355594","crit_chance","crit_chance","T3","289","337","basis_points"
"62","96.25","71","1.355594","crit_damage","crit_damage","T1","250","327","basis_points"
"62","96.25","71","1.355594","crit_damage","crit_damage","T2","356","462","basis_points"
"62","96.25","71","1.355594","crit_damage","crit_damage","T3","481","597","basis_points"
"62","96.25","71","1.355594","double_attack_chance","double_attack_chance;extra_attack_chance","T1","115","154","basis_points"
"62","96.25","71","1.355594","double_attack_chance","double_attack_chance;extra_attack_chance","T2","164","212","basis_points"
"62","96.25","71","1.355594","double_attack_chance","double_attack_chance;extra_attack_chance","T3","221","289","basis_points"
"62","96.25","71","1.355594","threat_bps","threat","T1","173","212","basis_points"
"62","96.25","71","1.355594","threat_bps","threat","T2","231","269","basis_points"
"62","96.25","71","1.355594","threat_bps","threat","T3","289","337","basis_points"
"63","31.5","18.64","1.690075","attr_primary","strength;intelligence;dexterity","T1","8","11","flat"
"63","31.5","18.64","1.690075","attr_primary","strength;intelligence;dexterity","T2","12","16","flat"
"63","31.5","18.64","1.690075","attr_primary","strength;intelligence;dexterity","T3","17","23","flat"
"63","31.5","18.64","1.690075","vitality_primary","vitality","T1","9","13","flat"
"63","31.5","18.64","1.690075","vitality_primary","vitality","T2","14","18","flat"
"63","31.5","18.64","1.690075","vitality_primary","vitality","T3","20","26","flat"
"63","54.78","27.8","1.970478","damage_primary","melee_damage;spell_damage;ranged_damage","T1","33","44","flat"
"63","54.78","27.8","1.970478","damage_primary","melee_damage;spell_damage;ranged_damage","T2","49","63","flat"
"63","54.78","27.8","1.970478","damage_primary","melee_damage;spell_damage;ranged_damage","T3","66","82","flat"
"63","46.92","25.32","1.853212","resistance_primary","armor;spell_shield;missile_resistance","T1","26","35","flat"
"63","46.92","25.32","1.853212","resistance_primary","armor;spell_shield;missile_resistance","T2","38","47","flat"
"63","46.92","25.32","1.853212","resistance_primary","armor;spell_shield;missile_resistance","T3","52","63","flat"
"63","46.92","25.32","1.853212","max_hitpoints_primary","max_hitpoints","T1","56","75","flat"
"63","46.92","25.32","1.853212","max_hitpoints_primary","max_hitpoints","T2","89","113","flat"
"63","46.92","25.32","1.853212","max_hitpoints_primary","max_hitpoints","T3","122","150","flat"
"63","98.09","72","1.362372","crit_chance","crit_chance","T1","177","216","basis_points"
"63","98.09","72","1.362372","crit_chance","crit_chance","T2","235","275","basis_points"
"63","98.09","72","1.362372","crit_chance","crit_chance","T3","294","343","basis_points"
"63","98.09","72","1.362372","crit_damage","crit_damage","T1","255","334","basis_points"
"63","98.09","72","1.362372","crit_damage","crit_damage","T2","363","471","basis_points"
"63","98.09","72","1.362372","crit_damage","crit_damage","T3","490","608","basis_points"
"63","98.09","72","1.362372","double_attack_chance","double_attack_chance;extra_attack_chance","T1","118","157","basis_points"
"63","98.09","72","1.362372","double_attack_chance","double_attack_chance;extra_attack_chance","T2","167","216","basis_points"
"63","98.09","72","1.362372","double_attack_chance","double_attack_chance;extra_attack_chance","T3","226","294","basis_points"
"63","98.09","72","1.362372","threat_bps","threat","T1","177","216","basis_points"
"63","98.09","72","1.362372","threat_bps","threat","T2","235","275","basis_points"
"63","98.09","72","1.362372","threat_bps","threat","T3","294","343","basis_points"
"64","32.15","18.86","1.704441","attr_primary","strength;intelligence;dexterity","T1","8","11","flat"
"64","32.15","18.86","1.704441","attr_primary","strength;intelligence;dexterity","T2","12","16","flat"
"64","32.15","18.86","1.704441","attr_primary","strength;intelligence;dexterity","T3","18","23","flat"
"64","32.15","18.86","1.704441","vitality_primary","vitality","T1","10","13","flat"
"64","32.15","18.86","1.704441","vitality_primary","vitality","T2","14","19","flat"
"64","32.15","18.86","1.704441","vitality_primary","vitality","T3","21","26","flat"
"64","56.18","28.2","1.992154","damage_primary","melee_damage;spell_damage;ranged_damage","T1","34","45","flat"
"64","56.18","28.2","1.992154","damage_primary","melee_damage;spell_damage;ranged_damage","T2","51","65","flat"
"64","56.18","28.2","1.992154","damage_primary","melee_damage;spell_damage;ranged_damage","T3","67","84","flat"
"64","48.07","25.68","1.871744","resistance_primary","armor;spell_shield;missile_resistance","T1","26","36","flat"
"64","48.07","25.68","1.871744","resistance_primary","armor;spell_shield;missile_resistance","T2","38","48","flat"
"64","48.07","25.68","1.871744","resistance_primary","armor;spell_shield;missile_resistance","T3","53","65","flat"
"64","48.07","25.68","1.871744","max_hitpoints_primary","max_hitpoints","T1","58","77","flat"
"64","48.07","25.68","1.871744","max_hitpoints_primary","max_hitpoints","T2","91","115","flat"
"64","48.07","25.68","1.871744","max_hitpoints_primary","max_hitpoints","T3","125","154","flat"
"64","99.95","73","1.369184","crit_chance","crit_chance","T1","180","220","basis_points"
"64","99.95","73","1.369184","crit_chance","crit_chance","T2","240","280","basis_points"
"64","99.95","73","1.369184","crit_chance","crit_chance","T3","300","350","basis_points"
"64","99.95","73","1.369184","crit_damage","crit_damage","T1","260","340","basis_points"
"64","99.95","73","1.369184","crit_damage","crit_damage","T2","370","480","basis_points"
"64","99.95","73","1.369184","crit_damage","crit_damage","T3","500","620","basis_points"
"64","99.95","73","1.369184","double_attack_chance","double_attack_chance;extra_attack_chance","T1","120","160","basis_points"
"64","99.95","73","1.369184","double_attack_chance","double_attack_chance;extra_attack_chance","T2","170","220","basis_points"
"64","99.95","73","1.369184","double_attack_chance","double_attack_chance;extra_attack_chance","T3","230","300","basis_points"
"64","99.95","73","1.369184","threat_bps","threat","T1","180","220","basis_points"
"64","99.95","73","1.369184","threat_bps","threat","T2","240","280","basis_points"
"64","99.95","73","1.369184","threat_bps","threat","T3","300","350","basis_points"
"65","32.8","19.08","1.718928","attr_primary","strength;intelligence;dexterity","T1","8","11","flat"
"65","32.8","19.08","1.718928","attr_primary","strength;intelligence;dexterity","T2","12","16","flat"
"65","32.8","19.08","1.718928","attr_primary","strength;intelligence;dexterity","T3","18","24","flat"
"65","32.8","19.08","1.718928","vitality_primary","vitality","T1","10","13","flat"
"65","32.8","19.08","1.718928","vitality_primary","vitality","T2","15","19","flat"
"65","32.8","19.08","1.718928","vitality_primary","vitality","T3","21","27","flat"
"65","57.6","28.6","2.014067","damage_primary","melee_damage;spell_damage;ranged_damage","T1","35","46","flat"
"65","57.6","28.6","2.014067","damage_primary","melee_damage;spell_damage;ranged_damage","T2","52","66","flat"
"65","57.6","28.6","2.014067","damage_primary","melee_damage;spell_damage;ranged_damage","T3","69","86","flat"
"65","49.23","26.04","1.890462","resistance_primary","armor;spell_shield;missile_resistance","T1","27","37","flat"
"65","49.23","26.04","1.890462","resistance_primary","armor;spell_shield;missile_resistance","T2","39","49","flat"
"65","49.23","26.04","1.890462","resistance_primary","armor;spell_shield;missile_resistance","T3","54","66","flat"
"65","49.23","26.04","1.890462","max_hitpoints_primary","max_hitpoints","T1","59","79","flat"
"65","49.23","26.04","1.890462","max_hitpoints_primary","max_hitpoints","T2","94","118","flat"
"65","49.23","26.04","1.890462","max_hitpoints_primary","max_hitpoints","T3","128","158","flat"
"65","101.83","74","1.37603","crit_chance","crit_chance","T1","183","224","basis_points"
"65","101.83","74","1.37603","crit_chance","crit_chance","T2","244","285","basis_points"
"65","101.83","74","1.37603","crit_chance","crit_chance","T3","305","356","basis_points"
"65","101.83","74","1.37603","crit_damage","crit_damage","T1","265","346","basis_points"
"65","101.83","74","1.37603","crit_damage","crit_damage","T2","377","489","basis_points"
"65","101.83","74","1.37603","crit_damage","crit_damage","T3","509","631","basis_points"
"65","101.83","74","1.37603","double_attack_chance","double_attack_chance;extra_attack_chance","T1","122","163","basis_points"
"65","101.83","74","1.37603","double_attack_chance","double_attack_chance;extra_attack_chance","T2","173","224","basis_points"
"65","101.83","74","1.37603","double_attack_chance","double_attack_chance;extra_attack_chance","T3","234","305","basis_points"
"65","101.83","74","1.37603","threat_bps","threat","T1","183","224","basis_points"
"65","101.83","74","1.37603","threat_bps","threat","T2","244","285","basis_points"
"65","101.83","74","1.37603","threat_bps","threat","T3","305","356","basis_points"
"66","33.46","19.3","1.733539","attr_primary","strength;intelligence;dexterity","T1","8","12","flat"
"66","33.46","19.3","1.733539","attr_primary","strength;intelligence;dexterity","T2","13","17","flat"
"66","33.46","19.3","1.733539","attr_primary","strength;intelligence;dexterity","T3","18","24","flat"
"66","33.46","19.3","1.733539","vitality_primary","vitality","T1","10","13","flat"
"66","33.46","19.3","1.733539","vitality_primary","vitality","T2","15","19","flat"
"66","33.46","19.3","1.733539","vitality_primary","vitality","T3","22","27","flat"
"66","59.05","29","2.036222","damage_primary","melee_damage;spell_damage;ranged_damage","T1","35","47","flat"
"66","59.05","29","2.036222","damage_primary","melee_damage;spell_damage;ranged_damage","T2","53","68","flat"
"66","59.05","29","2.036222","damage_primary","melee_damage;spell_damage;ranged_damage","T3","71","89","flat"
"66","50.41","26.4","1.909366","resistance_primary","armor;spell_shield;missile_resistance","T1","28","38","flat"
"66","50.41","26.4","1.909366","resistance_primary","armor;spell_shield;missile_resistance","T2","40","50","flat"
"66","50.41","26.4","1.909366","resistance_primary","armor;spell_shield;missile_resistance","T3","55","68","flat"
"66","50.41","26.4","1.909366","max_hitpoints_primary","max_hitpoints","T1","60","81","flat"
"66","50.41","26.4","1.909366","max_hitpoints_primary","max_hitpoints","T2","96","121","flat"
"66","50.41","26.4","1.909366","max_hitpoints_primary","max_hitpoints","T3","131","161","flat"
"66","103.72","75","1.38291","crit_chance","crit_chance","T1","187","228","basis_points"
"66","103.72","75","1.38291","crit_chance","crit_chance","T2","249","290","basis_points"
"66","103.72","75","1.38291","crit_chance","crit_chance","T3","311","363","basis_points"
"66","103.72","75","1.38291","crit_damage","crit_damage","T1","270","353","basis_points"
"66","103.72","75","1.38291","crit_damage","crit_damage","T2","384","498","basis_points"
"66","103.72","75","1.38291","crit_damage","crit_damage","T3","519","643","basis_points"
"66","103.72","75","1.38291","double_attack_chance","double_attack_chance;extra_attack_chance","T1","124","166","basis_points"
"66","103.72","75","1.38291","double_attack_chance","double_attack_chance;extra_attack_chance","T2","176","228","basis_points"
"66","103.72","75","1.38291","double_attack_chance","double_attack_chance;extra_attack_chance","T3","239","311","basis_points"
"66","103.72","75","1.38291","threat_bps","threat","T1","187","228","basis_points"
"66","103.72","75","1.38291","threat_bps","threat","T2","249","290","basis_points"
"66","103.72","75","1.38291","threat_bps","threat","T3","311","363","basis_points"
"67","34.13","19.52","1.748274","attr_primary","strength;intelligence;dexterity","T1","9","12","flat"
"67","34.13","19.52","1.748274","attr_primary","strength;intelligence;dexterity","T2","13","17","flat"
"67","34.13","19.52","1.748274","attr_primary","strength;intelligence;dexterity","T3","19","25","flat"
"67","34.13","19.52","1.748274","vitality_primary","vitality","T1","10","14","flat"
"67","34.13","19.52","1.748274","vitality_primary","vitality","T2","15","20","flat"
"67","34.13","19.52","1.748274","vitality_primary","vitality","T3","22","28","flat"
"67","60.52","29.4","2.05862","damage_primary","melee_damage;spell_damage;ranged_damage","T1","36","48","flat"
"67","60.52","29.4","2.05862","damage_primary","melee_damage;spell_damage;ranged_damage","T2","54","70","flat"
"67","60.52","29.4","2.05862","damage_primary","melee_damage;spell_damage;ranged_damage","T3","73","91","flat"
"67","51.61","26.76","1.92846","resistance_primary","armor;spell_shield;missile_resistance","T1","28","39","flat"
"67","51.61","26.76","1.92846","resistance_primary","armor;spell_shield;missile_resistance","T2","41","52","flat"
"67","51.61","26.76","1.92846","resistance_primary","armor;spell_shield;missile_resistance","T3","57","70","flat"
"67","51.61","26.76","1.92846","max_hitpoints_primary","max_hitpoints","T1","62","83","flat"
"67","51.61","26.76","1.92846","max_hitpoints_primary","max_hitpoints","T2","98","124","flat"
"67","51.61","26.76","1.92846","max_hitpoints_primary","max_hitpoints","T3","134","165","flat"
"67","105.63","76","1.389825","crit_chance","crit_chance","T1","190","232","basis_points"
"67","105.63","76","1.389825","crit_chance","crit_chance","T2","254","296","basis_points"
"67","105.63","76","1.389825","crit_chance","crit_chance","T3","317","370","basis_points"
"67","105.63","76","1.389825","crit_damage","crit_damage","T1","275","359","basis_points"
"67","105.63","76","1.389825","crit_damage","crit_damage","T2","391","507","basis_points"
"67","105.63","76","1.389825","crit_damage","crit_damage","T3","528","655","basis_points"
"67","105.63","76","1.389825","double_attack_chance","double_attack_chance;extra_attack_chance","T1","127","169","basis_points"
"67","105.63","76","1.389825","double_attack_chance","double_attack_chance;extra_attack_chance","T2","180","232","basis_points"
"67","105.63","76","1.389825","double_attack_chance","double_attack_chance;extra_attack_chance","T3","243","317","basis_points"
"67","105.63","76","1.389825","threat_bps","threat","T1","190","232","basis_points"
"67","105.63","76","1.389825","threat_bps","threat","T2","254","296","basis_points"
"67","105.63","76","1.389825","threat_bps","threat","T3","317","370","basis_points"
"68","34.8","19.74","1.763135","attr_primary","strength;intelligence;dexterity","T1","9","12","flat"
"68","34.8","19.74","1.763135","attr_primary","strength;intelligence;dexterity","T2","13","17","flat"
"68","34.8","19.74","1.763135","attr_primary","strength;intelligence;dexterity","T3","19","25","flat"
"68","34.8","19.74","1.763135","vitality_primary","vitality","T1","10","14","flat"
"68","34.8","19.74","1.763135","vitality_primary","vitality","T2","16","20","flat"
"68","34.8","19.74","1.763135","vitality_primary","vitality","T3","23","29","flat"
"68","62.02","29.8","2.081265","damage_primary","melee_damage;spell_damage;ranged_damage","T1","37","50","flat"
"68","62.02","29.8","2.081265","damage_primary","melee_damage;spell_damage;ranged_damage","T2","56","71","flat"
"68","62.02","29.8","2.081265","damage_primary","melee_damage;spell_damage;ranged_damage","T3","74","93","flat"
"68","52.82","27.12","1.947745","resistance_primary","armor;spell_shield;missile_resistance","T1","29","40","flat"
"68","52.82","27.12","1.947745","resistance_primary","armor;spell_shield;missile_resistance","T2","42","53","flat"
"68","52.82","27.12","1.947745","resistance_primary","armor;spell_shield;missile_resistance","T3","58","71","flat"
"68","52.82","27.12","1.947745","max_hitpoints_primary","max_hitpoints","T1","63","85","flat"
"68","52.82","27.12","1.947745","max_hitpoints_primary","max_hitpoints","T2","100","127","flat"
"68","52.82","27.12","1.947745","max_hitpoints_primary","max_hitpoints","T3","137","169","flat"
"68","107.55","77","1.396774","crit_chance","crit_chance","T1","194","237","basis_points"
"68","107.55","77","1.396774","crit_chance","crit_chance","T2","258","301","basis_points"
"68","107.55","77","1.396774","crit_chance","crit_chance","T3","323","376","basis_points"
"68","107.55","77","1.396774","crit_damage","crit_damage","T1","280","366","basis_points"
"68","107.55","77","1.396774","crit_damage","crit_damage","T2","398","516","basis_points"
"68","107.55","77","1.396774","crit_damage","crit_damage","T3","538","667","basis_points"
"68","107.55","77","1.396774","double_attack_chance","double_attack_chance;extra_attack_chance","T1","129","172","basis_points"
"68","107.55","77","1.396774","double_attack_chance","double_attack_chance;extra_attack_chance","T2","183","237","basis_points"
"68","107.55","77","1.396774","double_attack_chance","double_attack_chance;extra_attack_chance","T3","247","323","basis_points"
"68","107.55","77","1.396774","threat_bps","threat","T1","194","237","basis_points"
"68","107.55","77","1.396774","threat_bps","threat","T2","258","301","basis_points"
"68","107.55","77","1.396774","threat_bps","threat","T3","323","376","basis_points"
"69","35.49","19.96","1.778121","attr_primary","strength;intelligence;dexterity","T1","9","12","flat"
"69","35.49","19.96","1.778121","attr_primary","strength;intelligence;dexterity","T2","13","18","flat"
"69","35.49","19.96","1.778121","attr_primary","strength;intelligence;dexterity","T3","20","26","flat"
"69","35.49","19.96","1.778121","vitality_primary","vitality","T1","11","14","flat"
"69","35.49","19.96","1.778121","vitality_primary","vitality","T2","16","21","flat"
"69","35.49","19.96","1.778121","vitality_primary","vitality","T3","23","29","flat"
"69","63.55","30.2","2.104159","damage_primary","melee_damage;spell_damage;ranged_damage","T1","38","51","flat"
"69","63.55","30.2","2.104159","damage_primary","melee_damage;spell_damage;ranged_damage","T2","57","73","flat"
"69","63.55","30.2","2.104159","damage_primary","melee_damage;spell_damage;ranged_damage","T3","76","95","flat"
"69","54.06","27.48","1.967222","resistance_primary","armor;spell_shield;missile_resistance","T1","30","41","flat"
"69","54.06","27.48","1.967222","resistance_primary","armor;spell_shield;missile_resistance","T2","43","54","flat"
"69","54.06","27.48","1.967222","resistance_primary","armor;spell_shield;missile_resistance","T3","59","73","flat"
"69","54.06","27.48","1.967222","max_hitpoints_primary","max_hitpoints","T1","65","86","flat"
"69","54.06","27.48","1.967222","max_hitpoints_primary","max_hitpoints","T2","103","130","flat"
"69","54.06","27.48","1.967222","max_hitpoints_primary","max_hitpoints","T3","141","173","flat"
"69","109.49","78","1.403758","crit_chance","crit_chance","T1","197","241","basis_points"
"69","109.49","78","1.403758","crit_chance","crit_chance","T2","263","307","basis_points"
"69","109.49","78","1.403758","crit_chance","crit_chance","T3","328","383","basis_points"
"69","109.49","78","1.403758","crit_damage","crit_damage","T1","285","372","basis_points"
"69","109.49","78","1.403758","crit_damage","crit_damage","T2","405","526","basis_points"
"69","109.49","78","1.403758","crit_damage","crit_damage","T3","547","679","basis_points"
"69","109.49","78","1.403758","double_attack_chance","double_attack_chance;extra_attack_chance","T1","131","175","basis_points"
"69","109.49","78","1.403758","double_attack_chance","double_attack_chance;extra_attack_chance","T2","186","241","basis_points"
"69","109.49","78","1.403758","double_attack_chance","double_attack_chance;extra_attack_chance","T3","252","328","basis_points"
"69","109.49","78","1.403758","threat_bps","threat","T1","197","241","basis_points"
"69","109.49","78","1.403758","threat_bps","threat","T2","263","307","basis_points"
"69","109.49","78","1.403758","threat_bps","threat","T3","328","383","basis_points"
"70","36.19","20.18","1.793235","attr_primary","strength;intelligence;dexterity","T1","9","13","flat"
"70","36.19","20.18","1.793235","attr_primary","strength;intelligence;dexterity","T2","14","18","flat"
"70","36.19","20.18","1.793235","attr_primary","strength;intelligence;dexterity","T3","20","26","flat"
"70","36.19","20.18","1.793235","vitality_primary","vitality","T1","11","14","flat"
"70","36.19","20.18","1.793235","vitality_primary","vitality","T2","16","21","flat"
"70","36.19","20.18","1.793235","vitality_primary","vitality","T3","24","30","flat"
"70","65.1","30.6","2.127305","damage_primary","melee_damage;spell_damage;ranged_damage","T1","39","52","flat"
"70","65.1","30.6","2.127305","damage_primary","melee_damage;spell_damage;ranged_damage","T2","59","75","flat"
"70","65.1","30.6","2.127305","damage_primary","melee_damage;spell_damage;ranged_damage","T3","78","98","flat"
"70","55.32","27.84","1.986894","resistance_primary","armor;spell_shield;missile_resistance","T1","30","41","flat"
"70","55.32","27.84","1.986894","resistance_primary","armor;spell_shield;missile_resistance","T2","44","55","flat"
"70","55.32","27.84","1.986894","resistance_primary","armor;spell_shield;missile_resistance","T3","61","75","flat"
"70","55.32","27.84","1.986894","max_hitpoints_primary","max_hitpoints","T1","66","89","flat"
"70","55.32","27.84","1.986894","max_hitpoints_primary","max_hitpoints","T2","105","133","flat"
"70","55.32","27.84","1.986894","max_hitpoints_primary","max_hitpoints","T3","144","177","flat"
"70","111.45","79","1.410777","crit_chance","crit_chance","T1","201","245","basis_points"
"70","111.45","79","1.410777","crit_chance","crit_chance","T2","267","312","basis_points"
"70","111.45","79","1.410777","crit_chance","crit_chance","T3","334","390","basis_points"
"70","111.45","79","1.410777","crit_damage","crit_damage","T1","290","379","basis_points"
"70","111.45","79","1.410777","crit_damage","crit_damage","T2","412","535","basis_points"
"70","111.45","79","1.410777","crit_damage","crit_damage","T3","557","691","basis_points"
"70","111.45","79","1.410777","double_attack_chance","double_attack_chance;extra_attack_chance","T1","134","178","basis_points"
"70","111.45","79","1.410777","double_attack_chance","double_attack_chance;extra_attack_chance","T2","189","245","basis_points"
"70","111.45","79","1.410777","double_attack_chance","double_attack_chance;extra_attack_chance","T3","256","334","basis_points"
"70","111.45","79","1.410777","threat_bps","threat","T1","201","245","basis_points"
"70","111.45","79","1.410777","threat_bps","threat","T2","267","312","basis_points"
"70","111.45","79","1.410777","threat_bps","threat","T3","334","390","basis_points"
"71","36.89","20.4","1.808478","attr_primary","strength;intelligence;dexterity","T1","9","13","flat"
"71","36.89","20.4","1.808478","attr_primary","strength;intelligence;dexterity","T2","14","18","flat"
"71","36.89","20.4","1.808478","attr_primary","strength;intelligence;dexterity","T3","20","27","flat"
"71","36.89","20.4","1.808478","vitality_primary","vitality","T1","11","15","flat"
"71","36.89","20.4","1.808478","vitality_primary","vitality","T2","17","21","flat"
"71","36.89","20.4","1.808478","vitality_primary","vitality","T3","24","30","flat"
"71","66.67","31","2.150705","damage_primary","melee_damage;spell_damage;ranged_damage","T1","40","53","flat"
"71","66.67","31","2.150705","damage_primary","melee_damage;spell_damage;ranged_damage","T2","60","77","flat"
"71","66.67","31","2.150705","damage_primary","melee_damage;spell_damage;ranged_damage","T3","80","100","flat"
"71","56.59","28.2","2.006763","resistance_primary","armor;spell_shield;missile_resistance","T1","31","42","flat"
"71","56.59","28.2","2.006763","resistance_primary","armor;spell_shield;missile_resistance","T2","45","57","flat"
"71","56.59","28.2","2.006763","resistance_primary","armor;spell_shield;missile_resistance","T3","62","76","flat"
"71","56.59","28.2","2.006763","max_hitpoints_primary","max_hitpoints","T1","68","91","flat"
"71","56.59","28.2","2.006763","max_hitpoints_primary","max_hitpoints","T2","108","136","flat"
"71","56.59","28.2","2.006763","max_hitpoints_primary","max_hitpoints","T3","147","181","flat"
"71","113.43","80","1.417831","crit_chance","crit_chance","T1","204","250","basis_points"
"71","113.43","80","1.417831","crit_chance","crit_chance","T2","272","318","basis_points"
"71","113.43","80","1.417831","crit_chance","crit_chance","T3","340","397","basis_points"
"71","113.43","80","1.417831","crit_damage","crit_damage","T1","295","386","basis_points"
"71","113.43","80","1.417831","crit_damage","crit_damage","T2","420","544","basis_points"
"71","113.43","80","1.417831","crit_damage","crit_damage","T3","567","703","basis_points"
"71","113.43","80","1.417831","double_attack_chance","double_attack_chance;extra_attack_chance","T1","136","181","basis_points"
"71","113.43","80","1.417831","double_attack_chance","double_attack_chance;extra_attack_chance","T2","193","250","basis_points"
"71","113.43","80","1.417831","double_attack_chance","double_attack_chance;extra_attack_chance","T3","261","340","basis_points"
"71","113.43","80","1.417831","threat_bps","threat","T1","204","250","basis_points"
"71","113.43","80","1.417831","threat_bps","threat","T2","272","318","basis_points"
"71","113.43","80","1.417831","threat_bps","threat","T3","340","397","basis_points"
"72","37.61","20.62","1.82385","attr_primary","strength;intelligence;dexterity","T1","9","13","flat"
"72","37.61","20.62","1.82385","attr_primary","strength;intelligence;dexterity","T2","14","19","flat"
"72","37.61","20.62","1.82385","attr_primary","strength;intelligence;dexterity","T3","21","27","flat"
"72","37.61","20.62","1.82385","vitality_primary","vitality","T1","11","15","flat"
"72","37.61","20.62","1.82385","vitality_primary","vitality","T2","17","22","flat"
"72","37.61","20.62","1.82385","vitality_primary","vitality","T3","24","31","flat"
"72","68.27","31.4","2.174363","damage_primary","melee_damage;spell_damage;ranged_damage","T1","41","55","flat"
"72","68.27","31.4","2.174363","damage_primary","melee_damage;spell_damage;ranged_damage","T2","61","79","flat"
"72","68.27","31.4","2.174363","damage_primary","melee_damage;spell_damage;ranged_damage","T3","82","102","flat"
"72","57.89","28.56","2.026831","resistance_primary","armor;spell_shield;missile_resistance","T1","32","43","flat"
"72","57.89","28.56","2.026831","resistance_primary","armor;spell_shield;missile_resistance","T2","46","58","flat"
"72","57.89","28.56","2.026831","resistance_primary","armor;spell_shield;missile_resistance","T3","64","78","flat"
"72","57.89","28.56","2.026831","max_hitpoints_primary","max_hitpoints","T1","69","93","flat"
"72","57.89","28.56","2.026831","max_hitpoints_primary","max_hitpoints","T2","110","139","flat"
"72","57.89","28.56","2.026831","max_hitpoints_primary","max_hitpoints","T3","151","185","flat"
"72","115.42","81","1.42492","crit_chance","crit_chance","T1","208","254","basis_points"
"72","115.42","81","1.42492","crit_chance","crit_chance","T2","277","323","basis_points"
"72","115.42","81","1.42492","crit_chance","crit_chance","T3","346","404","basis_points"
"72","115.42","81","1.42492","crit_damage","crit_damage","T1","300","392","basis_points"
"72","115.42","81","1.42492","crit_damage","crit_damage","T2","427","554","basis_points"
"72","115.42","81","1.42492","crit_damage","crit_damage","T3","577","716","basis_points"
"72","115.42","81","1.42492","double_attack_chance","double_attack_chance;extra_attack_chance","T1","139","185","basis_points"
"72","115.42","81","1.42492","double_attack_chance","double_attack_chance;extra_attack_chance","T2","196","254","basis_points"
"72","115.42","81","1.42492","double_attack_chance","double_attack_chance;extra_attack_chance","T3","265","346","basis_points"
"72","115.42","81","1.42492","threat_bps","threat","T1","208","254","basis_points"
"72","115.42","81","1.42492","threat_bps","threat","T2","277","323","basis_points"
"72","115.42","81","1.42492","threat_bps","threat","T3","346","404","basis_points"
"73","38.33","20.84","1.839353","attr_primary","strength;intelligence;dexterity","T1","10","13","flat"
"73","38.33","20.84","1.839353","attr_primary","strength;intelligence;dexterity","T2","15","19","flat"
"73","38.33","20.84","1.839353","attr_primary","strength;intelligence;dexterity","T3","21","28","flat"
"73","38.33","20.84","1.839353","vitality_primary","vitality","T1","11","15","flat"
"73","38.33","20.84","1.839353","vitality_primary","vitality","T2","17","22","flat"
"73","38.33","20.84","1.839353","vitality_primary","vitality","T3","25","31","flat"
"73","69.91","31.8","2.198281","damage_primary","melee_damage;spell_damage;ranged_damage","T1","42","56","flat"
"73","69.91","31.8","2.198281","damage_primary","melee_damage;spell_damage;ranged_damage","T2","63","80","flat"
"73","69.91","31.8","2.198281","damage_primary","melee_damage;spell_damage;ranged_damage","T3","84","105","flat"
"73","59.2","28.92","2.047099","resistance_primary","armor;spell_shield;missile_resistance","T1","33","44","flat"
"73","59.2","28.92","2.047099","resistance_primary","armor;spell_shield;missile_resistance","T2","47","59","flat"
"73","59.2","28.92","2.047099","resistance_primary","armor;spell_shield;missile_resistance","T3","65","80","flat"
"73","59.2","28.92","2.047099","max_hitpoints_primary","max_hitpoints","T1","71","95","flat"
"73","59.2","28.92","2.047099","max_hitpoints_primary","max_hitpoints","T2","112","142","flat"
"73","59.2","28.92","2.047099","max_hitpoints_primary","max_hitpoints","T3","154","189","flat"
"73","117.43","82","1.432044","crit_chance","crit_chance","T1","211","258","basis_points"
"73","117.43","82","1.432044","crit_chance","crit_chance","T2","282","329","basis_points"
"73","117.43","82","1.432044","crit_chance","crit_chance","T3","352","411","basis_points"
"73","117.43","82","1.432044","crit_damage","crit_damage","T1","305","399","basis_points"
"73","117.43","82","1.432044","crit_damage","crit_damage","T2","434","564","basis_points"
"73","117.43","82","1.432044","crit_damage","crit_damage","T3","587","728","basis_points"
"73","117.43","82","1.432044","double_attack_chance","double_attack_chance;extra_attack_chance","T1","141","188","basis_points"
"73","117.43","82","1.432044","double_attack_chance","double_attack_chance;extra_attack_chance","T2","200","258","basis_points"
"73","117.43","82","1.432044","double_attack_chance","double_attack_chance;extra_attack_chance","T3","270","352","basis_points"
"73","117.43","82","1.432044","threat_bps","threat","T1","211","258","basis_points"
"73","117.43","82","1.432044","threat_bps","threat","T2","282","329","basis_points"
"73","117.43","82","1.432044","threat_bps","threat","T3","352","411","basis_points"
"74","39.07","21.06","1.854987","attr_primary","strength;intelligence;dexterity","T1","10","14","flat"
"74","39.07","21.06","1.854987","attr_primary","strength;intelligence;dexterity","T2","15","20","flat"
"74","39.07","21.06","1.854987","attr_primary","strength;intelligence;dexterity","T3","21","28","flat"
"74","39.07","21.06","1.854987","vitality_primary","vitality","T1","12","16","flat"
"74","39.07","21.06","1.854987","vitality_primary","vitality","T2","18","23","flat"
"74","39.07","21.06","1.854987","vitality_primary","vitality","T3","25","32","flat"
"74","71.56","32.2","2.222462","damage_primary","melee_damage;spell_damage;ranged_damage","T1","43","57","flat"
"74","71.56","32.2","2.222462","damage_primary","melee_damage;spell_damage;ranged_damage","T2","64","82","flat"
"74","71.56","32.2","2.222462","damage_primary","melee_damage;spell_damage;ranged_damage","T3","86","107","flat"
"74","60.54","29.28","2.06757","resistance_primary","armor;spell_shield;missile_resistance","T1","33","45","flat"
"74","60.54","29.28","2.06757","resistance_primary","armor;spell_shield;missile_resistance","T2","48","61","flat"
"74","60.54","29.28","2.06757","resistance_primary","armor;spell_shield;missile_resistance","T3","67","82","flat"
"74","60.54","29.28","2.06757","max_hitpoints_primary","max_hitpoints","T1","73","97","flat"
"74","60.54","29.28","2.06757","max_hitpoints_primary","max_hitpoints","T2","115","145","flat"
"74","60.54","29.28","2.06757","max_hitpoints_primary","max_hitpoints","T3","157","194","flat"
"74","119.45","83","1.439204","crit_chance","crit_chance","T1","215","263","basis_points"
"74","119.45","83","1.439204","crit_chance","crit_chance","T2","287","334","basis_points"
"74","119.45","83","1.439204","crit_chance","crit_chance","T3","358","418","basis_points"
"74","119.45","83","1.439204","crit_damage","crit_damage","T1","311","406","basis_points"
"74","119.45","83","1.439204","crit_damage","crit_damage","T2","442","573","basis_points"
"74","119.45","83","1.439204","crit_damage","crit_damage","T3","597","741","basis_points"
"74","119.45","83","1.439204","double_attack_chance","double_attack_chance;extra_attack_chance","T1","143","191","basis_points"
"74","119.45","83","1.439204","double_attack_chance","double_attack_chance;extra_attack_chance","T2","203","263","basis_points"
"74","119.45","83","1.439204","double_attack_chance","double_attack_chance;extra_attack_chance","T3","275","358","basis_points"
"74","119.45","83","1.439204","threat_bps","threat","T1","215","263","basis_points"
"74","119.45","83","1.439204","threat_bps","threat","T2","287","334","basis_points"
"74","119.45","83","1.439204","threat_bps","threat","T3","358","418","basis_points"
"75","39.81","21.28","1.870754","attr_primary","strength;intelligence;dexterity","T1","10","14","flat"
"75","39.81","21.28","1.870754","attr_primary","strength;intelligence;dexterity","T2","15","20","flat"
"75","39.81","21.28","1.870754","attr_primary","strength;intelligence;dexterity","T3","22","29","flat"
"75","39.81","21.28","1.870754","vitality_primary","vitality","T1","12","16","flat"
"75","39.81","21.28","1.870754","vitality_primary","vitality","T2","18","23","flat"
"75","39.81","21.28","1.870754","vitality_primary","vitality","T3","26","33","flat"
"75","73.25","32.6","2.246909","damage_primary","melee_damage;spell_damage;ranged_damage","T1","44","59","flat"
"75","73.25","32.6","2.246909","damage_primary","melee_damage;spell_damage;ranged_damage","T2","66","84","flat"
"75","73.25","32.6","2.246909","damage_primary","melee_damage;spell_damage;ranged_damage","T3","88","110","flat"
"75","61.9","29.64","2.088246","resistance_primary","armor;spell_shield;missile_resistance","T1","34","46","flat"
"75","61.9","29.64","2.088246","resistance_primary","armor;spell_shield;missile_resistance","T2","50","62","flat"
"75","61.9","29.64","2.088246","resistance_primary","armor;spell_shield;missile_resistance","T3","68","84","flat"
"75","61.9","29.64","2.088246","max_hitpoints_primary","max_hitpoints","T1","74","99","flat"
"75","61.9","29.64","2.088246","max_hitpoints_primary","max_hitpoints","T2","118","149","flat"
"75","61.9","29.64","2.088246","max_hitpoints_primary","max_hitpoints","T3","161","198","flat"
"75","121.5","84","1.446401","crit_chance","crit_chance","T1","219","267","basis_points"
"75","121.5","84","1.446401","crit_chance","crit_chance","T2","292","340","basis_points"
"75","121.5","84","1.446401","crit_chance","crit_chance","T3","364","425","basis_points"
"75","121.5","84","1.446401","crit_damage","crit_damage","T1","316","413","basis_points"
"75","121.5","84","1.446401","crit_damage","crit_damage","T2","450","583","basis_points"
"75","121.5","84","1.446401","crit_damage","crit_damage","T3","607","753","basis_points"
"75","121.5","84","1.446401","double_attack_chance","double_attack_chance;extra_attack_chance","T1","146","194","basis_points"
"75","121.5","84","1.446401","double_attack_chance","double_attack_chance;extra_attack_chance","T2","207","267","basis_points"
"75","121.5","84","1.446401","double_attack_chance","double_attack_chance;extra_attack_chance","T3","279","364","basis_points"
"75","121.5","84","1.446401","threat_bps","threat","T1","219","267","basis_points"
"75","121.5","84","1.446401","threat_bps","threat","T2","292","340","basis_points"
"75","121.5","84","1.446401","threat_bps","threat","T3","364","425","basis_points"
"76","40.56","21.5","1.886656","attr_primary","strength;intelligence;dexterity","T1","10","14","flat"
"76","40.56","21.5","1.886656","attr_primary","strength;intelligence;dexterity","T2","15","20","flat"
"76","40.56","21.5","1.886656","attr_primary","strength;intelligence;dexterity","T3","22","29","flat"
"76","40.56","21.5","1.886656","vitality_primary","vitality","T1","12","16","flat"
"76","40.56","21.5","1.886656","vitality_primary","vitality","T2","18","24","flat"
"76","40.56","21.5","1.886656","vitality_primary","vitality","T3","26","33","flat"
"76","74.96","33","2.271625","damage_primary","melee_damage;spell_damage;ranged_damage","T1","45","60","flat"
"76","74.96","33","2.271625","damage_primary","melee_damage;spell_damage;ranged_damage","T2","67","86","flat"
"76","74.96","33","2.271625","damage_primary","melee_damage;spell_damage;ranged_damage","T3","90","112","flat"
"76","63.27","30","2.109128","resistance_primary","armor;spell_shield;missile_resistance","T1","35","47","flat"
"76","63.27","30","2.109128","resistance_primary","armor;spell_shield;missile_resistance","T2","51","63","flat"
"76","63.27","30","2.109128","resistance_primary","armor;spell_shield;missile_resistance","T3","70","85","flat"
"76","63.27","30","2.109128","max_hitpoints_primary","max_hitpoints","T1","76","101","flat"
"76","63.27","30","2.109128","max_hitpoints_primary","max_hitpoints","T2","120","152","flat"
"76","63.27","30","2.109128","max_hitpoints_primary","max_hitpoints","T3","165","202","flat"
"76","123.56","85","1.453633","crit_chance","crit_chance","T1","222","272","basis_points"
"76","123.56","85","1.453633","crit_chance","crit_chance","T2","297","346","basis_points"
"76","123.56","85","1.453633","crit_chance","crit_chance","T3","371","432","basis_points"
"76","123.56","85","1.453633","crit_damage","crit_damage","T1","321","420","basis_points"
"76","123.56","85","1.453633","crit_damage","crit_damage","T2","457","593","basis_points"
"76","123.56","85","1.453633","crit_damage","crit_damage","T3","618","766","basis_points"
"76","123.56","85","1.453633","double_attack_chance","double_attack_chance;extra_attack_chance","T1","148","198","basis_points"
"76","123.56","85","1.453633","double_attack_chance","double_attack_chance;extra_attack_chance","T2","210","272","basis_points"
"76","123.56","85","1.453633","double_attack_chance","double_attack_chance;extra_attack_chance","T3","284","371","basis_points"
"76","123.56","85","1.453633","threat_bps","threat","T1","222","272","basis_points"
"76","123.56","85","1.453633","threat_bps","threat","T2","297","346","basis_points"
"76","123.56","85","1.453633","threat_bps","threat","T3","371","432","basis_points"
"77","41.33","21.72","1.902692","attr_primary","strength;intelligence;dexterity","T1","10","14","flat"
"77","41.33","21.72","1.902692","attr_primary","strength;intelligence;dexterity","T2","16","21","flat"
"77","41.33","21.72","1.902692","attr_primary","strength;intelligence;dexterity","T3","23","30","flat"
"77","41.33","21.72","1.902692","vitality_primary","vitality","T1","12","17","flat"
"77","41.33","21.72","1.902692","vitality_primary","vitality","T2","19","24","flat"
"77","41.33","21.72","1.902692","vitality_primary","vitality","T3","27","34","flat"
"77","76.71","33.4","2.296613","damage_primary","melee_damage;spell_damage;ranged_damage","T1","46","61","flat"
"77","76.71","33.4","2.296613","damage_primary","melee_damage;spell_damage;ranged_damage","T2","69","88","flat"
"77","76.71","33.4","2.296613","damage_primary","melee_damage;spell_damage;ranged_damage","T3","92","115","flat"
"77","64.67","30.36","2.13022","resistance_primary","armor;spell_shield;missile_resistance","T1","36","49","flat"
"77","64.67","30.36","2.13022","resistance_primary","armor;spell_shield;missile_resistance","T2","52","65","flat"
"77","64.67","30.36","2.13022","resistance_primary","armor;spell_shield;missile_resistance","T3","71","87","flat"
"77","64.67","30.36","2.13022","max_hitpoints_primary","max_hitpoints","T1","78","103","flat"
"77","64.67","30.36","2.13022","max_hitpoints_primary","max_hitpoints","T2","123","155","flat"
"77","64.67","30.36","2.13022","max_hitpoints_primary","max_hitpoints","T3","168","207","flat"
"77","125.64","86","1.460901","crit_chance","crit_chance","T1","226","276","basis_points"
"77","125.64","86","1.460901","crit_chance","crit_chance","T2","302","352","basis_points"
"77","125.64","86","1.460901","crit_chance","crit_chance","T3","377","440","basis_points"
"77","125.64","86","1.460901","crit_damage","crit_damage","T1","327","427","basis_points"
"77","125.64","86","1.460901","crit_damage","crit_damage","T2","465","603","basis_points"
"77","125.64","86","1.460901","crit_damage","crit_damage","T3","628","779","basis_points"
"77","125.64","86","1.460901","double_attack_chance","double_attack_chance;extra_attack_chance","T1","151","201","basis_points"
"77","125.64","86","1.460901","double_attack_chance","double_attack_chance;extra_attack_chance","T2","214","276","basis_points"
"77","125.64","86","1.460901","double_attack_chance","double_attack_chance;extra_attack_chance","T3","289","377","basis_points"
"77","125.64","86","1.460901","threat_bps","threat","T1","226","276","basis_points"
"77","125.64","86","1.460901","threat_bps","threat","T2","302","352","basis_points"
"77","125.64","86","1.460901","threat_bps","threat","T3","377","440","basis_points"
"78","42.1","21.94","1.918865","attr_primary","strength;intelligence;dexterity","T1","11","15","flat"
"78","42.1","21.94","1.918865","attr_primary","strength;intelligence;dexterity","T2","16","21","flat"
"78","42.1","21.94","1.918865","attr_primary","strength;intelligence;dexterity","T3","23","30","flat"
"78","42.1","21.94","1.918865","vitality_primary","vitality","T1","13","17","flat"
"78","42.1","21.94","1.918865","vitality_primary","vitality","T2","19","24","flat"
"78","42.1","21.94","1.918865","vitality_primary","vitality","T3","27","35","flat"
"78","78.48","33.8","2.321876","damage_primary","melee_damage;spell_damage;ranged_damage","T1","47","63","flat"
"78","78.48","33.8","2.321876","damage_primary","melee_damage;spell_damage;ranged_damage","T2","71","90","flat"
"78","78.48","33.8","2.321876","damage_primary","melee_damage;spell_damage;ranged_damage","T3","94","118","flat"
"78","66.09","30.72","2.151522","resistance_primary","armor;spell_shield;missile_resistance","T1","36","50","flat"
"78","66.09","30.72","2.151522","resistance_primary","armor;spell_shield;missile_resistance","T2","53","66","flat"
"78","66.09","30.72","2.151522","resistance_primary","armor;spell_shield;missile_resistance","T3","73","89","flat"
"78","66.09","30.72","2.151522","max_hitpoints_primary","max_hitpoints","T1","79","106","flat"
"78","66.09","30.72","2.151522","max_hitpoints_primary","max_hitpoints","T2","126","159","flat"
"78","66.09","30.72","2.151522","max_hitpoints_primary","max_hitpoints","T3","172","212","flat"
"78","127.73","87","1.468205","crit_chance","crit_chance","T1","230","281","basis_points"
"78","127.73","87","1.468205","crit_chance","crit_chance","T2","307","358","basis_points"
"78","127.73","87","1.468205","crit_chance","crit_chance","T3","383","447","basis_points"
"78","127.73","87","1.468205","crit_damage","crit_damage","T1","332","434","basis_points"
"78","127.73","87","1.468205","crit_damage","crit_damage","T2","473","613","basis_points"
"78","127.73","87","1.468205","crit_damage","crit_damage","T3","639","792","basis_points"
"78","127.73","87","1.468205","double_attack_chance","double_attack_chance;extra_attack_chance","T1","153","204","basis_points"
"78","127.73","87","1.468205","double_attack_chance","double_attack_chance;extra_attack_chance","T2","217","281","basis_points"
"78","127.73","87","1.468205","double_attack_chance","double_attack_chance;extra_attack_chance","T3","294","383","basis_points"
"78","127.73","87","1.468205","threat_bps","threat","T1","230","281","basis_points"
"78","127.73","87","1.468205","threat_bps","threat","T2","307","358","basis_points"
"78","127.73","87","1.468205","threat_bps","threat","T3","383","447","basis_points"
"79","42.88","22.16","1.935176","attr_primary","strength;intelligence;dexterity","T1","11","15","flat"
"79","42.88","22.16","1.935176","attr_primary","strength;intelligence;dexterity","T2","16","21","flat"
"79","42.88","22.16","1.935176","attr_primary","strength;intelligence;dexterity","T3","24","31","flat"
"79","42.88","22.16","1.935176","vitality_primary","vitality","T1","13","17","flat"
"79","42.88","22.16","1.935176","vitality_primary","vitality","T2","19","25","flat"
"79","42.88","22.16","1.935176","vitality_primary","vitality","T3","28","35","flat"
"79","80.28","34.2","2.347416","damage_primary","melee_damage;spell_damage;ranged_damage","T1","48","64","flat"
"79","80.28","34.2","2.347416","damage_primary","melee_damage;spell_damage;ranged_damage","T2","72","92","flat"
"79","80.28","34.2","2.347416","damage_primary","melee_damage;spell_damage;ranged_damage","T3","96","120","flat"
"79","67.54","31.08","2.173037","resistance_primary","armor;spell_shield;missile_resistance","T1","37","51","flat"
"79","67.54","31.08","2.173037","resistance_primary","armor;spell_shield;missile_resistance","T2","54","68","flat"
"79","67.54","31.08","2.173037","resistance_primary","armor;spell_shield;missile_resistance","T3","74","91","flat"
"79","67.54","31.08","2.173037","max_hitpoints_primary","max_hitpoints","T1","81","108","flat"
"79","67.54","31.08","2.173037","max_hitpoints_primary","max_hitpoints","T2","128","162","flat"
"79","67.54","31.08","2.173037","max_hitpoints_primary","max_hitpoints","T3","176","216","flat"
"79","129.85","88","1.475546","crit_chance","crit_chance","T1","234","286","basis_points"
"79","129.85","88","1.475546","crit_chance","crit_chance","T2","312","364","basis_points"
"79","129.85","88","1.475546","crit_chance","crit_chance","T3","390","454","basis_points"
"79","129.85","88","1.475546","crit_damage","crit_damage","T1","338","441","basis_points"
"79","129.85","88","1.475546","crit_damage","crit_damage","T2","480","623","basis_points"
"79","129.85","88","1.475546","crit_damage","crit_damage","T3","649","805","basis_points"
"79","129.85","88","1.475546","double_attack_chance","double_attack_chance;extra_attack_chance","T1","156","208","basis_points"
"79","129.85","88","1.475546","double_attack_chance","double_attack_chance;extra_attack_chance","T2","221","286","basis_points"
"79","129.85","88","1.475546","double_attack_chance","double_attack_chance;extra_attack_chance","T3","299","390","basis_points"
"79","129.85","88","1.475546","threat_bps","threat","T1","234","286","basis_points"
"79","129.85","88","1.475546","threat_bps","threat","T2","312","364","basis_points"
"79","129.85","88","1.475546","threat_bps","threat","T3","390","454","basis_points"
"80","43.68","22.38","1.951625","attr_primary","strength;intelligence;dexterity","T1","11","15","flat"
"80","43.68","22.38","1.951625","attr_primary","strength;intelligence;dexterity","T2","17","22","flat"
"80","43.68","22.38","1.951625","attr_primary","strength;intelligence;dexterity","T3","24","31","flat"
"80","43.68","22.38","1.951625","vitality_primary","vitality","T1","13","17","flat"
"80","43.68","22.38","1.951625","vitality_primary","vitality","T2","20","25","flat"
"80","43.68","22.38","1.951625","vitality_primary","vitality","T3","28","36","flat"
"80","82.11","34.6","2.373238","damage_primary","melee_damage;spell_damage;ranged_damage","T1","49","66","flat"
"80","82.11","34.6","2.373238","damage_primary","melee_damage;spell_damage;ranged_damage","T2","74","94","flat"
"80","82.11","34.6","2.373238","damage_primary","melee_damage;spell_damage;ranged_damage","T3","99","123","flat"
"80","69","31.44","2.194768","resistance_primary","armor;spell_shield;missile_resistance","T1","38","52","flat"
"80","69","31.44","2.194768","resistance_primary","armor;spell_shield;missile_resistance","T2","55","69","flat"
"80","69","31.44","2.194768","resistance_primary","armor;spell_shield;missile_resistance","T3","76","93","flat"
"80","69","31.44","2.194768","max_hitpoints_primary","max_hitpoints","T1","83","110","flat"
"80","69","31.44","2.194768","max_hitpoints_primary","max_hitpoints","T2","131","166","flat"
"80","69","31.44","2.194768","max_hitpoints_primary","max_hitpoints","T3","179","221","flat"
"80","131.98","89","1.482924","crit_chance","crit_chance","T1","238","290","basis_points"
"80","131.98","89","1.482924","crit_chance","crit_chance","T2","317","370","basis_points"
"80","131.98","89","1.482924","crit_chance","crit_chance","T3","396","462","basis_points"
"80","131.98","89","1.482924","crit_damage","crit_damage","T1","343","449","basis_points"
"80","131.98","89","1.482924","crit_damage","crit_damage","T2","488","634","basis_points"
"80","131.98","89","1.482924","crit_damage","crit_damage","T3","660","818","basis_points"
"80","131.98","89","1.482924","double_attack_chance","double_attack_chance;extra_attack_chance","T1","158","211","basis_points"
"80","131.98","89","1.482924","double_attack_chance","double_attack_chance;extra_attack_chance","T2","224","290","basis_points"
"80","131.98","89","1.482924","double_attack_chance","double_attack_chance;extra_attack_chance","T3","304","396","basis_points"
"80","131.98","89","1.482924","threat_bps","threat","T1","238","290","basis_points"
"80","131.98","89","1.482924","threat_bps","threat","T2","317","370","basis_points"
"80","131.98","89","1.482924","threat_bps","threat","T3","396","462","basis_points"
"81","44.48","22.6","1.968213","attr_primary","strength;intelligence;dexterity","T1","11","16","flat"
"81","44.48","22.6","1.968213","attr_primary","strength;intelligence;dexterity","T2","17","22","flat"
"81","44.48","22.6","1.968213","attr_primary","strength;intelligence;dexterity","T3","24","32","flat"
"81","44.48","22.6","1.968213","vitality_primary","vitality","T1","13","18","flat"
"81","44.48","22.6","1.968213","vitality_primary","vitality","T2","20","26","flat"
"81","44.48","22.6","1.968213","vitality_primary","vitality","T3","29","36","flat"
"81","83.98","35","2.399344","damage_primary","melee_damage;spell_damage;ranged_damage","T1","50","67","flat"
"81","83.98","35","2.399344","damage_primary","melee_damage;spell_damage;ranged_damage","T2","76","97","flat"
"81","83.98","35","2.399344","damage_primary","melee_damage;spell_damage;ranged_damage","T3","101","126","flat"
"81","70.49","31.8","2.216715","resistance_primary","armor;spell_shield;missile_resistance","T1","39","53","flat"
"81","70.49","31.8","2.216715","resistance_primary","armor;spell_shield;missile_resistance","T2","56","70","flat"
"81","70.49","31.8","2.216715","resistance_primary","armor;spell_shield;missile_resistance","T3","78","95","flat"
"81","70.49","31.8","2.216715","max_hitpoints_primary","max_hitpoints","T1","85","113","flat"
"81","70.49","31.8","2.216715","max_hitpoints_primary","max_hitpoints","T2","134","169","flat"
"81","70.49","31.8","2.216715","max_hitpoints_primary","max_hitpoints","T3","183","226","flat"
"81","134.13","90","1.490339","crit_chance","crit_chance","T1","241","295","basis_points"
"81","134.13","90","1.490339","crit_chance","crit_chance","T2","322","376","basis_points"
"81","134.13","90","1.490339","crit_chance","crit_chance","T3","402","469","basis_points"
"81","134.13","90","1.490339","crit_damage","crit_damage","T1","349","456","basis_points"
"81","134.13","90","1.490339","crit_damage","crit_damage","T2","496","644","basis_points"
"81","134.13","90","1.490339","crit_damage","crit_damage","T3","671","832","basis_points"
"81","134.13","90","1.490339","double_attack_chance","double_attack_chance;extra_attack_chance","T1","161","215","basis_points"
"81","134.13","90","1.490339","double_attack_chance","double_attack_chance;extra_attack_chance","T2","228","295","basis_points"
"81","134.13","90","1.490339","double_attack_chance","double_attack_chance;extra_attack_chance","T3","309","402","basis_points"
"81","134.13","90","1.490339","threat_bps","threat","T1","241","295","basis_points"
"81","134.13","90","1.490339","threat_bps","threat","T2","322","376","basis_points"
"81","134.13","90","1.490339","threat_bps","threat","T3","402","469","basis_points"
"82","45.3","22.82","1.984943","attr_primary","strength;intelligence;dexterity","T1","11","16","flat"
"82","45.3","22.82","1.984943","attr_primary","strength;intelligence;dexterity","T2","17","23","flat"
"82","45.3","22.82","1.984943","attr_primary","strength;intelligence;dexterity","T3","25","33","flat"
"82","45.3","22.82","1.984943","vitality_primary","vitality","T1","14","18","flat"
"82","45.3","22.82","1.984943","vitality_primary","vitality","T2","20","26","flat"
"82","45.3","22.82","1.984943","vitality_primary","vitality","T3","29","37","flat"
"82","85.87","35.4","2.425736","damage_primary","melee_damage;spell_damage;ranged_damage","T1","52","69","flat"
"82","85.87","35.4","2.425736","damage_primary","melee_damage;spell_damage;ranged_damage","T2","77","99","flat"
"82","85.87","35.4","2.425736","damage_primary","melee_damage;spell_damage;ranged_damage","T3","103","129","flat"
"82","72","32.16","2.238882","resistance_primary","armor;spell_shield;missile_resistance","T1","40","54","flat"
"82","72","32.16","2.238882","resistance_primary","armor;spell_shield;missile_resistance","T2","58","72","flat"
"82","72","32.16","2.238882","resistance_primary","armor;spell_shield;missile_resistance","T3","79","97","flat"
"82","72","32.16","2.238882","max_hitpoints_primary","max_hitpoints","T1","86","115","flat"
"82","72","32.16","2.238882","max_hitpoints_primary","max_hitpoints","T2","137","173","flat"
"82","72","32.16","2.238882","max_hitpoints_primary","max_hitpoints","T3","187","230","flat"
"82","136.3","91","1.49779","crit_chance","crit_chance","T1","245","300","basis_points"
"82","136.3","91","1.49779","crit_chance","crit_chance","T2","327","382","basis_points"
"82","136.3","91","1.49779","crit_chance","crit_chance","T3","409","477","basis_points"
"82","136.3","91","1.49779","crit_damage","crit_damage","T1","354","463","basis_points"
"82","136.3","91","1.49779","crit_damage","crit_damage","T2","504","654","basis_points"
"82","136.3","91","1.49779","crit_damage","crit_damage","T3","681","845","basis_points"
"82","136.3","91","1.49779","double_attack_chance","double_attack_chance;extra_attack_chance","T1","164","218","basis_points"
"82","136.3","91","1.49779","double_attack_chance","double_attack_chance;extra_attack_chance","T2","232","300","basis_points"
"82","136.3","91","1.49779","double_attack_chance","double_attack_chance;extra_attack_chance","T3","313","409","basis_points"
"82","136.3","91","1.49779","threat_bps","threat","T1","245","300","basis_points"
"82","136.3","91","1.49779","threat_bps","threat","T2","327","382","basis_points"
"82","136.3","91","1.49779","threat_bps","threat","T3","409","477","basis_points"
"83","46.12","23.04","2.001815","attr_primary","strength;intelligence;dexterity","T1","12","16","flat"
"83","46.12","23.04","2.001815","attr_primary","strength;intelligence;dexterity","T2","18","23","flat"
"83","46.12","23.04","2.001815","attr_primary","strength;intelligence;dexterity","T3","25","33","flat"
"83","46.12","23.04","2.001815","vitality_primary","vitality","T1","14","18","flat"
"83","46.12","23.04","2.001815","vitality_primary","vitality","T2","21","27","flat"
"83","46.12","23.04","2.001815","vitality_primary","vitality","T3","30","38","flat"
"83","87.8","35.8","2.452419","damage_primary","melee_damage;spell_damage;ranged_damage","T1","53","70","flat"
"83","87.8","35.8","2.452419","damage_primary","melee_damage;spell_damage;ranged_damage","T2","79","101","flat"
"83","87.8","35.8","2.452419","damage_primary","melee_damage;spell_damage;ranged_damage","T3","105","132","flat"
"83","73.54","32.52","2.261271","resistance_primary","armor;spell_shield;missile_resistance","T1","40","55","flat"
"83","73.54","32.52","2.261271","resistance_primary","armor;spell_shield;missile_resistance","T2","59","74","flat"
"83","73.54","32.52","2.261271","resistance_primary","armor;spell_shield;missile_resistance","T3","81","99","flat"
"83","73.54","32.52","2.261271","max_hitpoints_primary","max_hitpoints","T1","88","118","flat"
"83","73.54","32.52","2.261271","max_hitpoints_primary","max_hitpoints","T2","140","176","flat"
"83","73.54","32.52","2.261271","max_hitpoints_primary","max_hitpoints","T3","191","235","flat"
"83","138.49","92","1.505279","crit_chance","crit_chance","T1","249","305","basis_points"
"83","138.49","92","1.505279","crit_chance","crit_chance","T2","332","388","basis_points"
"83","138.49","92","1.505279","crit_chance","crit_chance","T3","415","485","basis_points"
"83","138.49","92","1.505279","crit_damage","crit_damage","T1","360","471","basis_points"
"83","138.49","92","1.505279","crit_damage","crit_damage","T2","512","665","basis_points"
"83","138.49","92","1.505279","crit_damage","crit_damage","T3","692","859","basis_points"
"83","138.49","92","1.505279","double_attack_chance","double_attack_chance;extra_attack_chance","T1","166","222","basis_points"
"83","138.49","92","1.505279","double_attack_chance","double_attack_chance;extra_attack_chance","T2","235","305","basis_points"
"83","138.49","92","1.505279","double_attack_chance","double_attack_chance;extra_attack_chance","T3","319","415","basis_points"
"83","138.49","92","1.505279","threat_bps","threat","T1","249","305","basis_points"
"83","138.49","92","1.505279","threat_bps","threat","T2","332","388","basis_points"
"83","138.49","92","1.505279","threat_bps","threat","T3","415","485","basis_points"
"84","46.96","23.26","2.018831","attr_primary","strength;intelligence;dexterity","T1","12","16","flat"
"84","46.96","23.26","2.018831","attr_primary","strength;intelligence;dexterity","T2","18","23","flat"
"84","46.96","23.26","2.018831","attr_primary","strength;intelligence;dexterity","T3","26","34","flat"
"84","46.96","23.26","2.018831","vitality_primary","vitality","T1","14","19","flat"
"84","46.96","23.26","2.018831","vitality_primary","vitality","T2","21","27","flat"
"84","46.96","23.26","2.018831","vitality_primary","vitality","T3","31","39","flat"
"84","89.75","36.2","2.479396","damage_primary","melee_damage;spell_damage;ranged_damage","T1","54","72","flat"
"84","89.75","36.2","2.479396","damage_primary","melee_damage;spell_damage;ranged_damage","T2","81","103","flat"
"84","89.75","36.2","2.479396","damage_primary","melee_damage;spell_damage;ranged_damage","T3","108","135","flat"
"84","75.09","32.88","2.283884","resistance_primary","armor;spell_shield;missile_resistance","T1","41","56","flat"
"84","75.09","32.88","2.283884","resistance_primary","armor;spell_shield;missile_resistance","T2","60","75","flat"
"84","75.09","32.88","2.283884","resistance_primary","armor;spell_shield;missile_resistance","T3","83","101","flat"
"84","75.09","32.88","2.283884","max_hitpoints_primary","max_hitpoints","T1","90","120","flat"
"84","75.09","32.88","2.283884","max_hitpoints_primary","max_hitpoints","T2","143","180","flat"
"84","75.09","32.88","2.283884","max_hitpoints_primary","max_hitpoints","T3","195","240","flat"
"84","140.69","93","1.512806","crit_chance","crit_chance","T1","253","310","basis_points"
"84","140.69","93","1.512806","crit_chance","crit_chance","T2","338","394","basis_points"
"84","140.69","93","1.512806","crit_chance","crit_chance","T3","422","492","basis_points"
"84","140.69","93","1.512806","crit_damage","crit_damage","T1","366","478","basis_points"
"84","140.69","93","1.512806","crit_damage","crit_damage","T2","521","675","basis_points"
"84","140.69","93","1.512806","crit_damage","crit_damage","T3","703","872","basis_points"
"84","140.69","93","1.512806","double_attack_chance","double_attack_chance;extra_attack_chance","T1","169","225","basis_points"
"84","140.69","93","1.512806","double_attack_chance","double_attack_chance;extra_attack_chance","T2","239","310","basis_points"
"84","140.69","93","1.512806","double_attack_chance","double_attack_chance;extra_attack_chance","T3","324","422","basis_points"
"84","140.69","93","1.512806","threat_bps","threat","T1","253","310","basis_points"
"84","140.69","93","1.512806","threat_bps","threat","T2","338","394","basis_points"
"84","140.69","93","1.512806","threat_bps","threat","T3","422","492","basis_points"
"85","47.81","23.48","2.035991","attr_primary","strength;intelligence;dexterity","T1","12","17","flat"
"85","47.81","23.48","2.035991","attr_primary","strength;intelligence;dexterity","T2","18","24","flat"
"85","47.81","23.48","2.035991","attr_primary","strength;intelligence;dexterity","T3","26","34","flat"
"85","47.81","23.48","2.035991","vitality_primary","vitality","T1","14","19","flat"
"85","47.81","23.48","2.035991","vitality_primary","vitality","T2","22","28","flat"
"85","47.81","23.48","2.035991","vitality_primary","vitality","T3","31","39","flat"
"85","91.74","36.6","2.506669","damage_primary","melee_damage;spell_damage;ranged_damage","T1","55","73","flat"
"85","91.74","36.6","2.506669","damage_primary","melee_damage;spell_damage;ranged_damage","T2","83","106","flat"
"85","91.74","36.6","2.506669","damage_primary","melee_damage;spell_damage;ranged_damage","T3","110","138","flat"
"85","76.68","33.24","2.306723","resistance_primary","armor;spell_shield;missile_resistance","T1","42","58","flat"
"85","76.68","33.24","2.306723","resistance_primary","armor;spell_shield;missile_resistance","T2","61","77","flat"
"85","76.68","33.24","2.306723","resistance_primary","armor;spell_shield;missile_resistance","T3","84","104","flat"
"85","76.68","33.24","2.306723","max_hitpoints_primary","max_hitpoints","T1","92","123","flat"
"85","76.68","33.24","2.306723","max_hitpoints_primary","max_hitpoints","T2","146","184","flat"
"85","76.68","33.24","2.306723","max_hitpoints_primary","max_hitpoints","T3","199","245","flat"
"85","142.91","94","1.52037","crit_chance","crit_chance","T1","257","314","basis_points"
"85","142.91","94","1.52037","crit_chance","crit_chance","T2","343","400","basis_points"
"85","142.91","94","1.52037","crit_chance","crit_chance","T3","429","500","basis_points"
"85","142.91","94","1.52037","crit_damage","crit_damage","T1","372","486","basis_points"
"85","142.91","94","1.52037","crit_damage","crit_damage","T2","529","686","basis_points"
"85","142.91","94","1.52037","crit_damage","crit_damage","T3","715","886","basis_points"
"85","142.91","94","1.52037","double_attack_chance","double_attack_chance;extra_attack_chance","T1","171","229","basis_points"
"85","142.91","94","1.52037","double_attack_chance","double_attack_chance;extra_attack_chance","T2","243","314","basis_points"
"85","142.91","94","1.52037","double_attack_chance","double_attack_chance;extra_attack_chance","T3","329","429","basis_points"
"85","142.91","94","1.52037","threat_bps","threat","T1","257","314","basis_points"
"85","142.91","94","1.52037","threat_bps","threat","T2","343","400","basis_points"
"85","142.91","94","1.52037","threat_bps","threat","T3","429","500","basis_points"
"86","48.66","23.7","2.053297","attr_primary","strength;intelligence;dexterity","T1","12","17","flat"
"86","48.66","23.7","2.053297","attr_primary","strength;intelligence;dexterity","T2","18","24","flat"
"86","48.66","23.7","2.053297","attr_primary","strength;intelligence;dexterity","T3","27","35","flat"
"86","48.66","23.7","2.053297","vitality_primary","vitality","T1","15","19","flat"
"86","48.66","23.7","2.053297","vitality_primary","vitality","T2","22","28","flat"
"86","48.66","23.7","2.053297","vitality_primary","vitality","T3","32","40","flat"
"86","93.77","37","2.534243","damage_primary","melee_damage;spell_damage;ranged_damage","T1","56","75","flat"
"86","93.77","37","2.534243","damage_primary","melee_damage;spell_damage;ranged_damage","T2","84","108","flat"
"86","93.77","37","2.534243","damage_primary","melee_damage;spell_damage;ranged_damage","T3","113","141","flat"
"86","78.28","33.6","2.32979","resistance_primary","armor;spell_shield;missile_resistance","T1","43","59","flat"
"86","78.28","33.6","2.32979","resistance_primary","armor;spell_shield;missile_resistance","T2","63","78","flat"
"86","78.28","33.6","2.32979","resistance_primary","armor;spell_shield;missile_resistance","T3","86","106","flat"
"86","78.28","33.6","2.32979","max_hitpoints_primary","max_hitpoints","T1","94","125","flat"
"86","78.28","33.6","2.32979","max_hitpoints_primary","max_hitpoints","T2","149","188","flat"
"86","78.28","33.6","2.32979","max_hitpoints_primary","max_hitpoints","T3","204","250","flat"
"86","145.16","95","1.527971","crit_chance","crit_chance","T1","261","319","basis_points"
"86","145.16","95","1.527971","crit_chance","crit_chance","T2","348","406","basis_points"
"86","145.16","95","1.527971","crit_chance","crit_chance","T3","435","508","basis_points"
"86","145.16","95","1.527971","crit_damage","crit_damage","T1","377","494","basis_points"
"86","145.16","95","1.527971","crit_damage","crit_damage","T2","537","697","basis_points"
"86","145.16","95","1.527971","crit_damage","crit_damage","T3","726","900","basis_points"
"86","145.16","95","1.527971","double_attack_chance","double_attack_chance;extra_attack_chance","T1","174","232","basis_points"
"86","145.16","95","1.527971","double_attack_chance","double_attack_chance;extra_attack_chance","T2","247","319","basis_points"
"86","145.16","95","1.527971","double_attack_chance","double_attack_chance;extra_attack_chance","T3","334","435","basis_points"
"86","145.16","95","1.527971","threat_bps","threat","T1","261","319","basis_points"
"86","145.16","95","1.527971","threat_bps","threat","T2","348","406","basis_points"
"86","145.16","95","1.527971","threat_bps","threat","T3","435","508","basis_points"
"87","49.53","23.92","2.07075","attr_primary","strength;intelligence;dexterity","T1","12","17","flat"
"87","49.53","23.92","2.07075","attr_primary","strength;intelligence;dexterity","T2","19","25","flat"
"87","49.53","23.92","2.07075","attr_primary","strength;intelligence;dexterity","T3","27","36","flat"
"87","49.53","23.92","2.07075","vitality_primary","vitality","T1","15","20","flat"
"87","49.53","23.92","2.07075","vitality_primary","vitality","T2","22","29","flat"
"87","49.53","23.92","2.07075","vitality_primary","vitality","T3","32","41","flat"
"87","95.82","37.4","2.562119","damage_primary","melee_damage;spell_damage;ranged_damage","T1","57","77","flat"
"87","95.82","37.4","2.562119","damage_primary","melee_damage;spell_damage;ranged_damage","T2","86","110","flat"
"87","95.82","37.4","2.562119","damage_primary","melee_damage;spell_damage;ranged_damage","T3","115","144","flat"
"87","79.91","33.96","2.353088","resistance_primary","armor;spell_shield;missile_resistance","T1","44","60","flat"
"87","79.91","33.96","2.353088","resistance_primary","armor;spell_shield;missile_resistance","T2","64","80","flat"
"87","79.91","33.96","2.353088","resistance_primary","armor;spell_shield;missile_resistance","T3","88","108","flat"
"87","79.91","33.96","2.353088","max_hitpoints_primary","max_hitpoints","T1","96","128","flat"
"87","79.91","33.96","2.353088","max_hitpoints_primary","max_hitpoints","T2","152","192","flat"
"87","79.91","33.96","2.353088","max_hitpoints_primary","max_hitpoints","T3","208","256","flat"
"87","147.42","96","1.535611","crit_chance","crit_chance","T1","265","324","basis_points"
"87","147.42","96","1.535611","crit_chance","crit_chance","T2","354","413","basis_points"
"87","147.42","96","1.535611","crit_chance","crit_chance","T3","442","516","basis_points"
"87","147.42","96","1.535611","crit_damage","crit_damage","T1","383","501","basis_points"
"87","147.42","96","1.535611","crit_damage","crit_damage","T2","545","708","basis_points"
"87","147.42","96","1.535611","crit_damage","crit_damage","T3","737","914","basis_points"
"87","147.42","96","1.535611","double_attack_chance","double_attack_chance;extra_attack_chance","T1","177","236","basis_points"
"87","147.42","96","1.535611","double_attack_chance","double_attack_chance;extra_attack_chance","T2","251","324","basis_points"
"87","147.42","96","1.535611","double_attack_chance","double_attack_chance;extra_attack_chance","T3","339","442","basis_points"
"87","147.42","96","1.535611","threat_bps","threat","T1","265","324","basis_points"
"87","147.42","96","1.535611","threat_bps","threat","T2","354","413","basis_points"
"87","147.42","96","1.535611","threat_bps","threat","T3","442","516","basis_points"
"88","50.41","24.14","2.088351","attr_primary","strength;intelligence;dexterity","T1","13","18","flat"
"88","50.41","24.14","2.088351","attr_primary","strength;intelligence;dexterity","T2","19","25","flat"
"88","50.41","24.14","2.088351","attr_primary","strength;intelligence;dexterity","T3","28","36","flat"
"88","50.41","24.14","2.088351","vitality_primary","vitality","T1","15","20","flat"
"88","50.41","24.14","2.088351","vitality_primary","vitality","T2","23","29","flat"
"88","50.41","24.14","2.088351","vitality_primary","vitality","T3","33","41","flat"
"88","97.91","37.8","2.590303","damage_primary","melee_damage;spell_damage;ranged_damage","T1","59","78","flat"
"88","97.91","37.8","2.590303","damage_primary","melee_damage;spell_damage;ranged_damage","T2","88","113","flat"
"88","97.91","37.8","2.590303","damage_primary","melee_damage;spell_damage;ranged_damage","T3","117","147","flat"
"88","81.57","34.32","2.376619","resistance_primary","armor;spell_shield;missile_resistance","T1","45","61","flat"
"88","81.57","34.32","2.376619","resistance_primary","armor;spell_shield;missile_resistance","T2","65","82","flat"
"88","81.57","34.32","2.376619","resistance_primary","armor;spell_shield;missile_resistance","T3","90","110","flat"
"88","81.57","34.32","2.376619","max_hitpoints_primary","max_hitpoints","T1","98","131","flat"
"88","81.57","34.32","2.376619","max_hitpoints_primary","max_hitpoints","T2","155","196","flat"
"88","81.57","34.32","2.376619","max_hitpoints_primary","max_hitpoints","T3","212","261","flat"
"88","149.7","97","1.543289","crit_chance","crit_chance","T1","269","329","basis_points"
"88","149.7","97","1.543289","crit_chance","crit_chance","T2","359","419","basis_points"
"88","149.7","97","1.543289","crit_chance","crit_chance","T3","449","524","basis_points"
"88","149.7","97","1.543289","crit_damage","crit_damage","T1","389","509","basis_points"
"88","149.7","97","1.543289","crit_damage","crit_damage","T2","554","719","basis_points"
"88","149.7","97","1.543289","crit_damage","crit_damage","T3","748","928","basis_points"
"88","149.7","97","1.543289","double_attack_chance","double_attack_chance;extra_attack_chance","T1","180","240","basis_points"
"88","149.7","97","1.543289","double_attack_chance","double_attack_chance;extra_attack_chance","T2","254","329","basis_points"
"88","149.7","97","1.543289","double_attack_chance","double_attack_chance;extra_attack_chance","T3","344","449","basis_points"
"88","149.7","97","1.543289","threat_bps","threat","T1","269","329","basis_points"
"88","149.7","97","1.543289","threat_bps","threat","T2","359","419","basis_points"
"88","149.7","97","1.543289","threat_bps","threat","T3","449","524","basis_points"
"89","51.3","24.36","2.106102","attr_primary","strength;intelligence;dexterity","T1","13","18","flat"
"89","51.3","24.36","2.106102","attr_primary","strength;intelligence;dexterity","T2","19","26","flat"
"89","51.3","24.36","2.106102","attr_primary","strength;intelligence;dexterity","T3","28","37","flat"
"89","51.3","24.36","2.106102","vitality_primary","vitality","T1","15","21","flat"
"89","51.3","24.36","2.106102","vitality_primary","vitality","T2","23","30","flat"
"89","51.3","24.36","2.106102","vitality_primary","vitality","T3","33","42","flat"
"89","100.04","38.2","2.618796","damage_primary","melee_damage;spell_damage;ranged_damage","T1","60","80","flat"
"89","100.04","38.2","2.618796","damage_primary","melee_damage;spell_damage;ranged_damage","T2","90","115","flat"
"89","100.04","38.2","2.618796","damage_primary","melee_damage;spell_damage;ranged_damage","T3","120","150","flat"
"89","83.25","34.68","2.400385","resistance_primary","armor;spell_shield;missile_resistance","T1","46","62","flat"
"89","83.25","34.68","2.400385","resistance_primary","armor;spell_shield;missile_resistance","T2","67","83","flat"
"89","83.25","34.68","2.400385","resistance_primary","armor;spell_shield;missile_resistance","T3","92","112","flat"
"89","83.25","34.68","2.400385","max_hitpoints_primary","max_hitpoints","T1","100","133","flat"
"89","83.25","34.68","2.400385","max_hitpoints_primary","max_hitpoints","T2","158","200","flat"
"89","83.25","34.68","2.400385","max_hitpoints_primary","max_hitpoints","T3","216","266","flat"
"89","152","98","1.551006","crit_chance","crit_chance","T1","274","334","basis_points"
"89","152","98","1.551006","crit_chance","crit_chance","T2","365","426","basis_points"
"89","152","98","1.551006","crit_chance","crit_chance","T3","456","532","basis_points"
"89","152","98","1.551006","crit_damage","crit_damage","T1","395","517","basis_points"
"89","152","98","1.551006","crit_damage","crit_damage","T2","562","730","basis_points"
"89","152","98","1.551006","crit_damage","crit_damage","T3","760","942","basis_points"
"89","152","98","1.551006","double_attack_chance","double_attack_chance;extra_attack_chance","T1","182","243","basis_points"
"89","152","98","1.551006","double_attack_chance","double_attack_chance;extra_attack_chance","T2","258","334","basis_points"
"89","152","98","1.551006","double_attack_chance","double_attack_chance;extra_attack_chance","T3","350","456","basis_points"
"89","152","98","1.551006","threat_bps","threat","T1","274","334","basis_points"
"89","152","98","1.551006","threat_bps","threat","T2","365","426","basis_points"
"89","152","98","1.551006","threat_bps","threat","T3","456","532","basis_points"
"90","52.21","24.58","2.124004","attr_primary","strength;intelligence;dexterity","T1","13","18","flat"
"90","52.21","24.58","2.124004","attr_primary","strength;intelligence;dexterity","T2","20","26","flat"
"90","52.21","24.58","2.124004","attr_primary","strength;intelligence;dexterity","T3","29","38","flat"
"90","52.21","24.58","2.124004","vitality_primary","vitality","T1","16","21","flat"
"90","52.21","24.58","2.124004","vitality_primary","vitality","T2","23","30","flat"
"90","52.21","24.58","2.124004","vitality_primary","vitality","T3","34","43","flat"
"90","102.2","38.6","2.647603","damage_primary","melee_damage;spell_damage;ranged_damage","T1","61","82","flat"
"90","102.2","38.6","2.647603","damage_primary","melee_damage;spell_damage;ranged_damage","T2","92","118","flat"
"90","102.2","38.6","2.647603","damage_primary","melee_damage;spell_damage;ranged_damage","T3","123","153","flat"
"90","84.95","35.04","2.424389","resistance_primary","armor;spell_shield;missile_resistance","T1","47","64","flat"
"90","84.95","35.04","2.424389","resistance_primary","armor;spell_shield;missile_resistance","T2","68","85","flat"
"90","84.95","35.04","2.424389","resistance_primary","armor;spell_shield;missile_resistance","T3","93","115","flat"
"90","84.95","35.04","2.424389","max_hitpoints_primary","max_hitpoints","T1","102","136","flat"
"90","84.95","35.04","2.424389","max_hitpoints_primary","max_hitpoints","T2","161","204","flat"
"90","84.95","35.04","2.424389","max_hitpoints_primary","max_hitpoints","T3","221","272","flat"
"90","154.32","99","1.558761","crit_chance","crit_chance","T1","278","339","basis_points"
"90","154.32","99","1.558761","crit_chance","crit_chance","T2","370","432","basis_points"
"90","154.32","99","1.558761","crit_chance","crit_chance","T3","463","540","basis_points"
"90","154.32","99","1.558761","crit_damage","crit_damage","T1","401","525","basis_points"
"90","154.32","99","1.558761","crit_damage","crit_damage","T2","571","741","basis_points"
"90","154.32","99","1.558761","crit_damage","crit_damage","T3","772","957","basis_points"
"90","154.32","99","1.558761","double_attack_chance","double_attack_chance;extra_attack_chance","T1","185","247","basis_points"
"90","154.32","99","1.558761","double_attack_chance","double_attack_chance;extra_attack_chance","T2","262","339","basis_points"
"90","154.32","99","1.558761","double_attack_chance","double_attack_chance;extra_attack_chance","T3","355","463","basis_points"
"90","154.32","99","1.558761","threat_bps","threat","T1","278","339","basis_points"
"90","154.32","99","1.558761","threat_bps","threat","T2","370","432","basis_points"
"90","154.32","99","1.558761","threat_bps","threat","T3","463","540","basis_points"
"91","53.12","24.8","2.142058","attr_primary","strength;intelligence;dexterity","T1","13","19","flat"
"91","53.12","24.8","2.142058","attr_primary","strength;intelligence;dexterity","T2","20","27","flat"
"91","53.12","24.8","2.142058","attr_primary","strength;intelligence;dexterity","T3","29","38","flat"
"91","53.12","24.8","2.142058","vitality_primary","vitality","T1","16","21","flat"
"91","53.12","24.8","2.142058","vitality_primary","vitality","T2","24","31","flat"
"91","53.12","24.8","2.142058","vitality_primary","vitality","T3","35","44","flat"
"91","104.39","39","2.676727","damage_primary","melee_damage;spell_damage;ranged_damage","T1","63","84","flat"
"91","104.39","39","2.676727","damage_primary","melee_damage;spell_damage;ranged_damage","T2","94","120","flat"
"91","104.39","39","2.676727","damage_primary","melee_damage;spell_damage;ranged_damage","T3","125","157","flat"
"91","86.68","35.4","2.448633","resistance_primary","armor;spell_shield;missile_resistance","T1","48","65","flat"
"91","86.68","35.4","2.448633","resistance_primary","armor;spell_shield;missile_resistance","T2","69","87","flat"
"91","86.68","35.4","2.448633","resistance_primary","armor;spell_shield;missile_resistance","T3","95","117","flat"
"91","86.68","35.4","2.448633","max_hitpoints_primary","max_hitpoints","T1","104","139","flat"
"91","86.68","35.4","2.448633","max_hitpoints_primary","max_hitpoints","T2","165","208","flat"
"91","86.68","35.4","2.448633","max_hitpoints_primary","max_hitpoints","T3","225","277","flat"
"91","156.66","100","1.566555","crit_chance","crit_chance","T1","282","345","basis_points"
"91","156.66","100","1.566555","crit_chance","crit_chance","T2","376","439","basis_points"
"91","156.66","100","1.566555","crit_chance","crit_chance","T3","470","548","basis_points"
"91","156.66","100","1.566555","crit_damage","crit_damage","T1","407","533","basis_points"
"91","156.66","100","1.566555","crit_damage","crit_damage","T2","580","752","basis_points"
"91","156.66","100","1.566555","crit_damage","crit_damage","T3","783","971","basis_points"
"91","156.66","100","1.566555","double_attack_chance","double_attack_chance;extra_attack_chance","T1","188","251","basis_points"
"91","156.66","100","1.566555","double_attack_chance","double_attack_chance;extra_attack_chance","T2","266","345","basis_points"
"91","156.66","100","1.566555","double_attack_chance","double_attack_chance;extra_attack_chance","T3","360","470","basis_points"
"91","156.66","100","1.566555","threat_bps","threat","T1","282","345","basis_points"
"91","156.66","100","1.566555","threat_bps","threat","T2","376","439","basis_points"
"91","156.66","100","1.566555","threat_bps","threat","T3","470","548","basis_points"
"92","54.05","25.02","2.160266","attr_primary","strength;intelligence;dexterity","T1","14","19","flat"
"92","54.05","25.02","2.160266","attr_primary","strength;intelligence;dexterity","T2","21","27","flat"
"92","54.05","25.02","2.160266","attr_primary","strength;intelligence;dexterity","T3","30","39","flat"
"92","54.05","25.02","2.160266","vitality_primary","vitality","T1","16","22","flat"
"92","54.05","25.02","2.160266","vitality_primary","vitality","T2","24","31","flat"
"92","54.05","25.02","2.160266","vitality_primary","vitality","T3","35","44","flat"
"92","106.62","39.4","2.706171","damage_primary","melee_damage;spell_damage;ranged_damage","T1","64","85","flat"
"92","106.62","39.4","2.706171","damage_primary","melee_damage;spell_damage;ranged_damage","T2","96","123","flat"
"92","106.62","39.4","2.706171","damage_primary","melee_damage;spell_damage;ranged_damage","T3","128","160","flat"
"92","88.44","35.76","2.473119","resistance_primary","armor;spell_shield;missile_resistance","T1","49","66","flat"
"92","88.44","35.76","2.473119","resistance_primary","armor;spell_shield;missile_resistance","T2","71","88","flat"
"92","88.44","35.76","2.473119","resistance_primary","armor;spell_shield;missile_resistance","T3","97","119","flat"
"92","88.44","35.76","2.473119","max_hitpoints_primary","max_hitpoints","T1","106","142","flat"
"92","88.44","35.76","2.473119","max_hitpoints_primary","max_hitpoints","T2","168","212","flat"
"92","88.44","35.76","2.473119","max_hitpoints_primary","max_hitpoints","T3","230","283","flat"
"92","159.01","101","1.574387","crit_chance","crit_chance","T1","286","350","basis_points"
"92","159.01","101","1.574387","crit_chance","crit_chance","T2","382","445","basis_points"
"92","159.01","101","1.574387","crit_chance","crit_chance","T3","477","557","basis_points"
"92","159.01","101","1.574387","crit_damage","crit_damage","T1","413","541","basis_points"
"92","159.01","101","1.574387","crit_damage","crit_damage","T2","588","763","basis_points"
"92","159.01","101","1.574387","crit_damage","crit_damage","T3","795","986","basis_points"
"92","159.01","101","1.574387","double_attack_chance","double_attack_chance;extra_attack_chance","T1","191","254","basis_points"
"92","159.01","101","1.574387","double_attack_chance","double_attack_chance;extra_attack_chance","T2","270","350","basis_points"
"92","159.01","101","1.574387","double_attack_chance","double_attack_chance;extra_attack_chance","T3","366","477","basis_points"
"92","159.01","101","1.574387","threat_bps","threat","T1","286","350","basis_points"
"92","159.01","101","1.574387","threat_bps","threat","T2","382","445","basis_points"
"92","159.01","101","1.574387","threat_bps","threat","T3","477","557","basis_points"
"93","54.99","25.24","2.178628","attr_primary","strength;intelligence;dexterity","T1","14","19","flat"
"93","54.99","25.24","2.178628","attr_primary","strength;intelligence;dexterity","T2","21","27","flat"
"93","54.99","25.24","2.178628","attr_primary","strength;intelligence;dexterity","T3","30","40","flat"
"93","54.99","25.24","2.178628","vitality_primary","vitality","T1","16","22","flat"
"93","54.99","25.24","2.178628","vitality_primary","vitality","T2","25","32","flat"
"93","54.99","25.24","2.178628","vitality_primary","vitality","T3","36","45","flat"
"93","108.89","39.8","2.735938","damage_primary","melee_damage;spell_damage;ranged_damage","T1","65","87","flat"
"93","108.89","39.8","2.735938","damage_primary","melee_damage;spell_damage;ranged_damage","T2","98","125","flat"
"93","108.89","39.8","2.735938","damage_primary","melee_damage;spell_damage;ranged_damage","T3","131","163","flat"
"93","90.22","36.12","2.49785","resistance_primary","armor;spell_shield;missile_resistance","T1","50","68","flat"
"93","90.22","36.12","2.49785","resistance_primary","armor;spell_shield;missile_resistance","T2","72","90","flat"
"93","90.22","36.12","2.49785","resistance_primary","armor;spell_shield;missile_resistance","T3","99","122","flat"
"93","90.22","36.12","2.49785","max_hitpoints_primary","max_hitpoints","T1","108","144","flat"
"93","90.22","36.12","2.49785","max_hitpoints_primary","max_hitpoints","T2","171","217","flat"
"93","90.22","36.12","2.49785","max_hitpoints_primary","max_hitpoints","T3","235","289","flat"
"93","161.39","102","1.582259","crit_chance","crit_chance","T1","291","355","basis_points"
"93","161.39","102","1.582259","crit_chance","crit_chance","T2","387","452","basis_points"
"93","161.39","102","1.582259","crit_chance","crit_chance","T3","484","565","basis_points"
"93","161.39","102","1.582259","crit_damage","crit_damage","T1","420","549","basis_points"
"93","161.39","102","1.582259","crit_damage","crit_damage","T2","597","775","basis_points"
"93","161.39","102","1.582259","crit_damage","crit_damage","T3","807","1001","basis_points"
"93","161.39","102","1.582259","double_attack_chance","double_attack_chance;extra_attack_chance","T1","194","258","basis_points"
"93","161.39","102","1.582259","double_attack_chance","double_attack_chance;extra_attack_chance","T2","274","355","basis_points"
"93","161.39","102","1.582259","double_attack_chance","double_attack_chance;extra_attack_chance","T3","371","484","basis_points"
"93","161.39","102","1.582259","threat_bps","threat","T1","291","355","basis_points"
"93","161.39","102","1.582259","threat_bps","threat","T2","387","452","basis_points"
"93","161.39","102","1.582259","threat_bps","threat","T3","484","565","basis_points"
"94","55.94","25.46","2.197146","attr_primary","strength;intelligence;dexterity","T1","14","20","flat"
"94","55.94","25.46","2.197146","attr_primary","strength;intelligence;dexterity","T2","21","28","flat"
"94","55.94","25.46","2.197146","attr_primary","strength;intelligence;dexterity","T3","31","40","flat"
"94","55.94","25.46","2.197146","vitality_primary","vitality","T1","17","22","flat"
"94","55.94","25.46","2.197146","vitality_primary","vitality","T2","25","32","flat"
"94","55.94","25.46","2.197146","vitality_primary","vitality","T3","36","46","flat"
"94","111.19","40.2","2.766034","damage_primary","melee_damage;spell_damage;ranged_damage","T1","67","89","flat"
"94","111.19","40.2","2.766034","damage_primary","melee_damage;spell_damage;ranged_damage","T2","100","128","flat"
"94","111.19","40.2","2.766034","damage_primary","melee_damage;spell_damage;ranged_damage","T3","133","167","flat"
"94","92.03","36.48","2.522829","resistance_primary","armor;spell_shield;missile_resistance","T1","51","69","flat"
"94","92.03","36.48","2.522829","resistance_primary","armor;spell_shield;missile_resistance","T2","74","92","flat"
"94","92.03","36.48","2.522829","resistance_primary","armor;spell_shield;missile_resistance","T3","101","124","flat"
"94","92.03","36.48","2.522829","max_hitpoints_primary","max_hitpoints","T1","110","147","flat"
"94","92.03","36.48","2.522829","max_hitpoints_primary","max_hitpoints","T2","175","221","flat"
"94","92.03","36.48","2.522829","max_hitpoints_primary","max_hitpoints","T3","239","295","flat"
"94","163.79","103","1.590171","crit_chance","crit_chance","T1","295","360","basis_points"
"94","163.79","103","1.590171","crit_chance","crit_chance","T2","393","459","basis_points"
"94","163.79","103","1.590171","crit_chance","crit_chance","T3","491","573","basis_points"
"94","163.79","103","1.590171","crit_damage","crit_damage","T1","426","557","basis_points"
"94","163.79","103","1.590171","crit_damage","crit_damage","T2","606","786","basis_points"
"94","163.79","103","1.590171","crit_damage","crit_damage","T3","819","1015","basis_points"
"94","163.79","103","1.590171","double_attack_chance","double_attack_chance;extra_attack_chance","T1","197","262","basis_points"
"94","163.79","103","1.590171","double_attack_chance","double_attack_chance;extra_attack_chance","T2","278","360","basis_points"
"94","163.79","103","1.590171","double_attack_chance","double_attack_chance;extra_attack_chance","T3","377","491","basis_points"
"94","163.79","103","1.590171","threat_bps","threat","T1","295","360","basis_points"
"94","163.79","103","1.590171","threat_bps","threat","T2","393","459","basis_points"
"94","163.79","103","1.590171","threat_bps","threat","T3","491","573","basis_points"
"95","56.9","25.68","2.215822","attr_primary","strength;intelligence;dexterity","T1","14","20","flat"
"95","56.9","25.68","2.215822","attr_primary","strength;intelligence;dexterity","T2","22","28","flat"
"95","56.9","25.68","2.215822","attr_primary","strength;intelligence;dexterity","T3","31","41","flat"
"95","56.9","25.68","2.215822","vitality_primary","vitality","T1","17","23","flat"
"95","56.9","25.68","2.215822","vitality_primary","vitality","T2","26","33","flat"
"95","56.9","25.68","2.215822","vitality_primary","vitality","T3","37","47","flat"
"95","113.54","40.6","2.79646","damage_primary","melee_damage;spell_damage;ranged_damage","T1","68","91","flat"
"95","113.54","40.6","2.79646","damage_primary","melee_damage;spell_damage;ranged_damage","T2","102","131","flat"
"95","113.54","40.6","2.79646","damage_primary","melee_damage;spell_damage;ranged_damage","T3","136","170","flat"
"95","93.87","36.84","2.548057","resistance_primary","armor;spell_shield;missile_resistance","T1","52","70","flat"
"95","93.87","36.84","2.548057","resistance_primary","armor;spell_shield;missile_resistance","T2","75","94","flat"
"95","93.87","36.84","2.548057","resistance_primary","armor;spell_shield;missile_resistance","T3","103","127","flat"
"95","93.87","36.84","2.548057","max_hitpoints_primary","max_hitpoints","T1","113","150","flat"
"95","93.87","36.84","2.548057","max_hitpoints_primary","max_hitpoints","T2","178","225","flat"
"95","93.87","36.84","2.548057","max_hitpoints_primary","max_hitpoints","T3","244","300","flat"
"95","166.2","104","1.598122","crit_chance","crit_chance","T1","299","366","basis_points"
"95","166.2","104","1.598122","crit_chance","crit_chance","T2","399","465","basis_points"
"95","166.2","104","1.598122","crit_chance","crit_chance","T3","499","582","basis_points"
"95","166.2","104","1.598122","crit_damage","crit_damage","T1","432","565","basis_points"
"95","166.2","104","1.598122","crit_damage","crit_damage","T2","615","798","basis_points"
"95","166.2","104","1.598122","crit_damage","crit_damage","T3","831","1030","basis_points"
"95","166.2","104","1.598122","double_attack_chance","double_attack_chance;extra_attack_chance","T1","199","266","basis_points"
"95","166.2","104","1.598122","double_attack_chance","double_attack_chance;extra_attack_chance","T2","283","366","basis_points"
"95","166.2","104","1.598122","double_attack_chance","double_attack_chance;extra_attack_chance","T3","382","499","basis_points"
"95","166.2","104","1.598122","threat_bps","threat","T1","299","366","basis_points"
"95","166.2","104","1.598122","threat_bps","threat","T2","399","465","basis_points"
"95","166.2","104","1.598122","threat_bps","threat","T3","499","582","basis_points"
"96","57.88","25.9","2.234656","attr_primary","strength;intelligence;dexterity","T1","14","20","flat"
"96","57.88","25.9","2.234656","attr_primary","strength;intelligence;dexterity","T2","22","29","flat"
"96","57.88","25.9","2.234656","attr_primary","strength;intelligence;dexterity","T3","32","42","flat"
"96","57.88","25.9","2.234656","vitality_primary","vitality","T1","17","23","flat"
"96","57.88","25.9","2.234656","vitality_primary","vitality","T2","26","34","flat"
"96","57.88","25.9","2.234656","vitality_primary","vitality","T3","38","47","flat"
"96","115.92","41","2.827221","damage_primary","melee_damage;spell_damage;ranged_damage","T1","70","93","flat"
"96","115.92","41","2.827221","damage_primary","melee_damage;spell_damage;ranged_damage","T2","104","133","flat"
"96","115.92","41","2.827221","damage_primary","melee_damage;spell_damage;ranged_damage","T3","139","174","flat"
"96","95.74","37.2","2.573538","resistance_primary","armor;spell_shield;missile_resistance","T1","53","72","flat"
"96","95.74","37.2","2.573538","resistance_primary","armor;spell_shield;missile_resistance","T2","77","96","flat"
"96","95.74","37.2","2.573538","resistance_primary","armor;spell_shield;missile_resistance","T3","105","129","flat"
"96","95.74","37.2","2.573538","max_hitpoints_primary","max_hitpoints","T1","115","153","flat"
"96","95.74","37.2","2.573538","max_hitpoints_primary","max_hitpoints","T2","182","230","flat"
"96","95.74","37.2","2.573538","max_hitpoints_primary","max_hitpoints","T3","249","306","flat"
"96","168.64","105","1.606112","crit_chance","crit_chance","T1","304","371","basis_points"
"96","168.64","105","1.606112","crit_chance","crit_chance","T2","405","472","basis_points"
"96","168.64","105","1.606112","crit_chance","crit_chance","T3","506","590","basis_points"
"96","168.64","105","1.606112","crit_damage","crit_damage","T1","438","573","basis_points"
"96","168.64","105","1.606112","crit_damage","crit_damage","T2","624","809","basis_points"
"96","168.64","105","1.606112","crit_damage","crit_damage","T3","843","1046","basis_points"
"96","168.64","105","1.606112","double_attack_chance","double_attack_chance;extra_attack_chance","T1","202","270","basis_points"
"96","168.64","105","1.606112","double_attack_chance","double_attack_chance;extra_attack_chance","T2","287","371","basis_points"
"96","168.64","105","1.606112","double_attack_chance","double_attack_chance;extra_attack_chance","T3","388","506","basis_points"
"96","168.64","105","1.606112","threat_bps","threat","T1","304","371","basis_points"
"96","168.64","105","1.606112","threat_bps","threat","T2","405","472","basis_points"
"96","168.64","105","1.606112","threat_bps","threat","T3","506","590","basis_points"
"97","58.87","26.12","2.253651","attr_primary","strength;intelligence;dexterity","T1","15","21","flat"
"97","58.87","26.12","2.253651","attr_primary","strength;intelligence;dexterity","T2","22","29","flat"
"97","58.87","26.12","2.253651","attr_primary","strength;intelligence;dexterity","T3","32","42","flat"
"97","58.87","26.12","2.253651","vitality_primary","vitality","T1","18","24","flat"
"97","58.87","26.12","2.253651","vitality_primary","vitality","T2","26","34","flat"
"97","58.87","26.12","2.253651","vitality_primary","vitality","T3","38","48","flat"
"97","118.33","41.4","2.858321","damage_primary","melee_damage;spell_damage;ranged_damage","T1","71","95","flat"
"97","118.33","41.4","2.858321","damage_primary","melee_damage;spell_damage;ranged_damage","T2","107","136","flat"
"97","118.33","41.4","2.858321","damage_primary","melee_damage;spell_damage;ranged_damage","T3","142","178","flat"
"97","97.63","37.56","2.599273","resistance_primary","armor;spell_shield;missile_resistance","T1","54","73","flat"
"97","97.63","37.56","2.599273","resistance_primary","armor;spell_shield;missile_resistance","T2","78","98","flat"
"97","97.63","37.56","2.599273","resistance_primary","armor;spell_shield;missile_resistance","T3","107","132","flat"
"97","97.63","37.56","2.599273","max_hitpoints_primary","max_hitpoints","T1","117","156","flat"
"97","97.63","37.56","2.599273","max_hitpoints_primary","max_hitpoints","T2","185","234","flat"
"97","97.63","37.56","2.599273","max_hitpoints_primary","max_hitpoints","T3","254","312","flat"
"97","171.1","106","1.614143","crit_chance","crit_chance","T1","308","376","basis_points"
"97","171.1","106","1.614143","crit_chance","crit_chance","T2","411","479","basis_points"
"97","171.1","106","1.614143","crit_chance","crit_chance","T3","513","599","basis_points"
"97","171.1","106","1.614143","crit_damage","crit_damage","T1","445","582","basis_points"
"97","171.1","106","1.614143","crit_damage","crit_damage","T2","633","821","basis_points"
"97","171.1","106","1.614143","crit_damage","crit_damage","T3","855","1061","basis_points"
"97","171.1","106","1.614143","double_attack_chance","double_attack_chance;extra_attack_chance","T1","205","274","basis_points"
"97","171.1","106","1.614143","double_attack_chance","double_attack_chance;extra_attack_chance","T2","291","376","basis_points"
"97","171.1","106","1.614143","double_attack_chance","double_attack_chance;extra_attack_chance","T3","394","513","basis_points"
"97","171.1","106","1.614143","threat_bps","threat","T1","308","376","basis_points"
"97","171.1","106","1.614143","threat_bps","threat","T2","411","479","basis_points"
"97","171.1","106","1.614143","threat_bps","threat","T3","513","599","basis_points"
"98","59.87","26.34","2.272807","attr_primary","strength;intelligence;dexterity","T1","15","21","flat"
"98","59.87","26.34","2.272807","attr_primary","strength;intelligence;dexterity","T2","23","30","flat"
"98","59.87","26.34","2.272807","attr_primary","strength;intelligence;dexterity","T3","33","43","flat"
"98","59.87","26.34","2.272807","vitality_primary","vitality","T1","18","24","flat"
"98","59.87","26.34","2.272807","vitality_primary","vitality","T2","27","35","flat"
"98","59.87","26.34","2.272807","vitality_primary","vitality","T3","39","49","flat"
"98","120.79","41.8","2.889762","damage_primary","melee_damage;spell_damage;ranged_damage","T1","72","97","flat"
"98","120.79","41.8","2.889762","damage_primary","melee_damage;spell_damage;ranged_damage","T2","109","139","flat"
"98","120.79","41.8","2.889762","damage_primary","melee_damage;spell_damage;ranged_damage","T3","145","181","flat"
"98","99.55","37.92","2.625266","resistance_primary","armor;spell_shield;missile_resistance","T1","55","75","flat"
"98","99.55","37.92","2.625266","resistance_primary","armor;spell_shield;missile_resistance","T2","80","100","flat"
"98","99.55","37.92","2.625266","resistance_primary","armor;spell_shield;missile_resistance","T3","110","134","flat"
"98","99.55","37.92","2.625266","max_hitpoints_primary","max_hitpoints","T1","119","159","flat"
"98","99.55","37.92","2.625266","max_hitpoints_primary","max_hitpoints","T2","189","239","flat"
"98","99.55","37.92","2.625266","max_hitpoints_primary","max_hitpoints","T3","259","319","flat"
"98","173.58","107","1.622213","crit_chance","crit_chance","T1","312","382","basis_points"
"98","173.58","107","1.622213","crit_chance","crit_chance","T2","417","486","basis_points"
"98","173.58","107","1.622213","crit_chance","crit_chance","T3","521","608","basis_points"
"98","173.58","107","1.622213","crit_damage","crit_damage","T1","451","590","basis_points"
"98","173.58","107","1.622213","crit_damage","crit_damage","T2","642","833","basis_points"
"98","173.58","107","1.622213","crit_damage","crit_damage","T3","868","1076","basis_points"
"98","173.58","107","1.622213","double_attack_chance","double_attack_chance;extra_attack_chance","T1","208","278","basis_points"
"98","173.58","107","1.622213","double_attack_chance","double_attack_chance;extra_attack_chance","T2","295","382","basis_points"
"98","173.58","107","1.622213","double_attack_chance","double_attack_chance;extra_attack_chance","T3","399","521","basis_points"
"98","173.58","107","1.622213","threat_bps","threat","T1","312","382","basis_points"
"98","173.58","107","1.622213","threat_bps","threat","T2","417","486","basis_points"
"98","173.58","107","1.622213","threat_bps","threat","T3","521","608","basis_points"
"99","60.88","26.56","2.292126","attr_primary","strength;intelligence;dexterity","T1","15","21","flat"
"99","60.88","26.56","2.292126","attr_primary","strength;intelligence;dexterity","T2","23","30","flat"
"99","60.88","26.56","2.292126","attr_primary","strength;intelligence;dexterity","T3","33","44","flat"
"99","60.88","26.56","2.292126","vitality_primary","vitality","T1","18","24","flat"
"99","60.88","26.56","2.292126","vitality_primary","vitality","T2","27","35","flat"
"99","60.88","26.56","2.292126","vitality_primary","vitality","T3","40","50","flat"
"99","123.29","42.2","2.921549","damage_primary","melee_damage;spell_damage;ranged_damage","T1","74","99","flat"
"99","123.29","42.2","2.921549","damage_primary","melee_damage;spell_damage;ranged_damage","T2","111","142","flat"
"99","123.29","42.2","2.921549","damage_primary","melee_damage;spell_damage;ranged_damage","T3","148","185","flat"
"99","101.5","38.28","2.651518","resistance_primary","armor;spell_shield;missile_resistance","T1","56","76","flat"
"99","101.5","38.28","2.651518","resistance_primary","armor;spell_shield;missile_resistance","T2","81","102","flat"
"99","101.5","38.28","2.651518","resistance_primary","armor;spell_shield;missile_resistance","T3","112","137","flat"
"99","101.5","38.28","2.651518","max_hitpoints_primary","max_hitpoints","T1","122","162","flat"
"99","101.5","38.28","2.651518","max_hitpoints_primary","max_hitpoints","T2","193","244","flat"
"99","101.5","38.28","2.651518","max_hitpoints_primary","max_hitpoints","T3","264","325","flat"
"99","176.08","108","1.630324","crit_chance","crit_chance","T1","317","387","basis_points"
"99","176.08","108","1.630324","crit_chance","crit_chance","T2","423","493","basis_points"
"99","176.08","108","1.630324","crit_chance","crit_chance","T3","528","616","basis_points"
"99","176.08","108","1.630324","crit_damage","crit_damage","T1","458","599","basis_points"
"99","176.08","108","1.630324","crit_damage","crit_damage","T2","651","845","basis_points"
"99","176.08","108","1.630324","crit_damage","crit_damage","T3","880","1092","basis_points"
"99","176.08","108","1.630324","double_attack_chance","double_attack_chance;extra_attack_chance","T1","211","282","basis_points"
"99","176.08","108","1.630324","double_attack_chance","double_attack_chance;extra_attack_chance","T2","299","387","basis_points"
"99","176.08","108","1.630324","double_attack_chance","double_attack_chance;extra_attack_chance","T3","405","528","basis_points"
"99","176.08","108","1.630324","threat_bps","threat","T1","317","387","basis_points"
"99","176.08","108","1.630324","threat_bps","threat","T2","423","493","basis_points"
"99","176.08","108","1.630324","threat_bps","threat","T3","528","616","basis_points"
"100","61.9","26.78","2.311609","attr_primary","strength;intelligence;dexterity","T1","15","22","flat"
"100","61.9","26.78","2.311609","attr_primary","strength;intelligence;dexterity","T2","24","31","flat"
"100","61.9","26.78","2.311609","attr_primary","strength;intelligence;dexterity","T3","34","45","flat"
"100","61.9","26.78","2.311609","vitality_primary","vitality","T1","19","25","flat"
"100","61.9","26.78","2.311609","vitality_primary","vitality","T2","28","36","flat"
"100","61.9","26.78","2.311609","vitality_primary","vitality","T3","40","51","flat"
"100","125.83","42.6","2.953687","damage_primary","melee_damage;spell_damage;ranged_damage","T1","75","101","flat"
"100","125.83","42.6","2.953687","damage_primary","melee_damage;spell_damage;ranged_damage","T2","113","145","flat"
"100","125.83","42.6","2.953687","damage_primary","melee_damage;spell_damage;ranged_damage","T3","151","189","flat"
"100","103.48","38.64","2.678033","resistance_primary","armor;spell_shield;missile_resistance","T1","57","78","flat"
"100","103.48","38.64","2.678033","resistance_primary","armor;spell_shield;missile_resistance","T2","83","103","flat"
"100","103.48","38.64","2.678033","resistance_primary","armor;spell_shield;missile_resistance","T3","114","140","flat"
"100","103.48","38.64","2.678033","max_hitpoints_primary","max_hitpoints","T1","124","166","flat"
"100","103.48","38.64","2.678033","max_hitpoints_primary","max_hitpoints","T2","197","248","flat"
"100","103.48","38.64","2.678033","max_hitpoints_primary","max_hitpoints","T3","269","331","flat"
"100","178.59","109","1.638476","crit_chance","crit_chance","T1","321","393","basis_points"
"100","178.59","109","1.638476","crit_chance","crit_chance","T2","429","500","basis_points"
"100","178.59","109","1.638476","crit_chance","crit_chance","T3","536","625","basis_points"
"100","178.59","109","1.638476","crit_damage","crit_damage","T1","464","607","basis_points"
"100","178.59","109","1.638476","crit_damage","crit_damage","T2","661","857","basis_points"
"100","178.59","109","1.638476","crit_damage","crit_damage","T3","893","1107","basis_points"
"100","178.59","109","1.638476","double_attack_chance","double_attack_chance;extra_attack_chance","T1","214","286","basis_points"
"100","178.59","109","1.638476","double_attack_chance","double_attack_chance;extra_attack_chance","T2","304","393","basis_points"
"100","178.59","109","1.638476","double_attack_chance","double_attack_chance;extra_attack_chance","T3","411","536","basis_points"
"100","178.59","109","1.638476","threat_bps","threat","T1","321","393","basis_points"
"100","178.59","109","1.638476","threat_bps","threat","T2","429","500","basis_points"
"100","178.59","109","1.638476","threat_bps","threat","T3","536","625","basis_points"
